track,artist,danceability,energy,key,loudness,mode,speechiness,acousticness,instrumentalness,liveness,valence,tempo,duration_ms,time_signature,label
The Box,Roddy Ricch,0.896,0.586,10,-6.687,0,0.0559,0.104,0,0.79,0.642,116.971,196653,4,before
ROXANNE,Arizona Zervas,0.621,0.601,6,-5.616,0,0.148,0.0522,0,0.46,0.457,116.735,163636,5,before
Circles,Post Malone,0.695,0.762,0,-3.497,1,0.0395,0.192,0.00244,0.0863,0.553,120.042,215280,4,before
BOP,DaBaby,0.769,0.787,11,-3.909,1,0.367,0.189,0,0.129,0.836,126.77,159715,4,before
Bandit (with YoungBoy Never Broke Again),Juice WRLD,0.474,0.631,5,-5.884,0,0.343,0.0687,0,0.132,0.425,180.051,189323,4,before
Dance Monkey,Tones And I,0.825,0.593,6,-6.401,0,0.0988,0.688,0.000161,0.17,0.54,98.078,209755,4,before
Futsal Shuffle 2020,Lil Uzi Vert,0.881,0.457,7,-8.191,0,0.156,0.0327,0,0.231,0.296,136.97,198913,4,before
Falling,Trevor Daniel,0.785,0.431,10,-8.756,0,0.0364,0.123,0,0.0887,0.236,127.085,159382,4,before
Sunflower - Spider-Man: Into the Spider-Verse,"Post Malone, Swae Lee",0.755,0.522,2,-4.368,1,0.0575,0.533,0,0.0685,0.925,89.96,157560,4,before
Ballin' (with Roddy Ricch),Mustard,0.809,0.545,7,-6.678,1,0.0735,0.392,0,0.151,0.244,97.008,180435,4,before
bad guy,Billie Eilish,0.701,0.425,7,-10.965,1,0.375,0.328,0.13,0.1,0.562,135.128,194088,4,before
everything i wanted,Billie Eilish,0.704,0.225,6,-14.454,0,0.0994,0.902,0.657,0.106,0.243,120.006,245426,4,before
Suicidal,YNW Melly,0.735,0.369,9,-9.682,0,0.0688,0.334,0,0.126,0.235,140.004,222997,4,before
OUT WEST (feat. Young Thug),"JACKBOYS, Travis Scott",0.802,0.591,8,-4.895,1,0.225,0.0104,0,0.196,0.309,139.864,157712,4,before
Adore You,Harry Styles,0.676,0.771,8,-3.675,1,0.0483,0.0237,7e-06,0.102,0.569,99.048,207133,4,before
Blinding Lights,The Weeknd,0.513,0.796,1,-4.075,1,0.0629,0.00147,0.000209,0.0938,0.345,171.017,201573,4,before
HIGHEST IN THE ROOM,Travis Scott,0.598,0.427,7,-8.764,0,0.0317,0.0546,5.83e-06,0.21,0.0605,76.469,175721,4,before
hot girl bummer,blackbear,0.778,0.559,6,-7.109,0,0.0776,0.128,0,0.399,0.678,129.989,185093,1,before
Don't Start Now,Dua Lipa,0.794,0.793,11,-4.521,0,0.0842,0.0125,0,0.0952,0.677,123.941,183290,4,before
My Oh My (feat. DaBaby),Camila Cabello,0.724,0.491,8,-6.024,1,0.0296,0.018,1.29e-05,0.0887,0.383,105.046,170746,4,before
"Writing on the Wall (feat. Post Malone, Cardi B & Rvssian)",French Montana,0.774,0.836,9,-2.323,0,0.152,0.288,2.44e-05,0.0824,0.494,112.014,201271,4,before
Heartless,The Weeknd,0.531,0.75,10,-5.831,0,0.111,0.00632,7.6e-05,0.117,0.198,169.954,200080,4,before
Suge,DaBaby,0.876,0.662,2,-6.482,0,0.426,0.0608,0,0.127,0.844,75.445,163320,4,before
VIBEZ,DaBaby,0.768,0.652,1,-2.708,0,0.307,0.113,0,0.107,0.777,154.187,144935,4,before
Truth Hurts,Lizzo,0.715,0.624,4,-3.046,0,0.114,0.11,0,0.123,0.412,158.087,173325,4,before
Woah,Lil Baby,0.882,0.602,11,-5.554,1,0.245,0.0177,0,0.178,0.43,142.959,183011,4,before
Watermelon Sugar,Harry Styles,0.548,0.816,0,-4.209,1,0.0465,0.122,0,0.335,0.557,95.39,174000,4,before
No Idea,Don Toliver,0.651,0.631,6,-5.717,0,0.0896,0.519,0.000579,0.165,0.35,127.994,154424,4,before
Lucid Dreams,Juice WRLD,0.511,0.566,6,-7.23,0,0.2,0.349,0,0.34,0.218,83.903,239836,4,before
Memories,Maroon 5,0.764,0.32,11,-7.209,1,0.0546,0.837,0,0.0822,0.575,91.019,189486,4,before
Someone You Loved,Lewis Capaldi,0.501,0.405,1,-5.679,1,0.0319,0.751,0,0.105,0.446,109.891,182161,4,before
HIGHEST IN THE ROOM (feat. ROSALÍA & Lil Baby) - REMIX,Travis Scott,0.559,0.491,2,-6.406,0,0.0346,0.0567,0,0.0992,0.114,153.131,244874,4,before
Ransom,Lil Tecca,0.745,0.642,7,-6.257,0,0.287,0.0204,0,0.0658,0.226,179.974,131240,4,before
Robbery,Juice WRLD,0.685,0.692,2,-5.122,1,0.0457,0.328,0,0.153,0.578,159.966,240051,5,before
Hot (Remix) [feat. Gunna and Travis Scott],Young Thug,0.845,0.631,7,-8.206,0,0.216,0.188,0,0.0806,0.545,111.983,279907,4,before
Money In The Grave (Drake ft. Rick Ross),Drake,0.831,0.502,10,-4.045,0,0.046,0.101,0,0.122,0.101,100.541,205427,4,before
223's (feat. 9lokknine),YNW Melly,0.932,0.547,0,-7.787,0,0.333,0.0388,0,0.0924,0.695,94.998,176640,4,before
Señorita,"Shawn Mendes, Camila Cabello",0.759,0.548,9,-6.049,0,0.029,0.0392,0,0.0828,0.749,116.967,190800,4,before
Lose You To Love Me,Selena Gomez,0.505,0.34,4,-9.005,1,0.0438,0.576,0,0.21,0.0916,101.993,206459,4,before
No Guidance (feat. Drake),Chris Brown,0.696,0.454,1,-6.756,0,0.153,0.123,0,0.155,0.136,92.928,260640,4,before
Good as Hell (feat. Ariana Grande) - Remix,Lizzo,0.668,0.892,5,-3.001,0,0.0645,0.298,0,0.735,0.478,95.927,159011,4,before
Wow.,Post Malone,0.829,0.539,11,-7.359,0,0.208,0.136,1.78e-06,0.103,0.388,99.96,149547,4,before
Stuck In A Dream (feat. Gunna),Lil Mosey,0.748,0.648,10,-6.445,0,0.0816,0.484,0,0.126,0.726,139.952,123560,4,before
Goodbyes (Feat. Young Thug),Post Malone,0.58,0.653,5,-3.818,1,0.0745,0.447,0,0.111,0.175,150.231,174960,4,before
Had Enough (feat. Quavo & Offset),Don Toliver,0.748,0.789,2,-4.579,1,0.103,0.262,0,0.13,0.671,147.957,157133,4,before
Death,"Trippie Redd, DaBaby",0.802,0.82,10,-5.969,0,0.146,0.0579,0,0.149,0.613,164.005,172196,4,before
MIDDLE CHILD,J. Cole,0.837,0.364,8,-11.713,1,0.276,0.149,0,0.271,0.463,123.984,213594,4,before
rockstar (feat. 21 Savage),Post Malone,0.585,0.52,5,-6.136,0,0.0712,0.124,7.01e-05,0.131,0.129,159.801,218147,4,before
TOES (feat. Lil Baby & Moneybagg Yo),DaBaby,0.816,0.582,8,-4.141,1,0.341,0.0794,5.84e-06,0.0916,0.542,160.004,136366,4,before
"10,000 Hours (with Justin Bieber)",Dan + Shay,0.654,0.63,10,-4.644,1,0.0259,0.153,0,0.111,0.43,89.991,167693,4,before
"thank u, next",Ariana Grande,0.717,0.653,1,-5.634,1,0.0658,0.229,0,0.101,0.412,106.966,207320,4,before
Old Town Road - Remix,"Lil Nas X, Billy Ray Cyrus",0.878,0.619,6,-5.56,1,0.102,0.0533,0,0.113,0.639,136.041,157067,4,before
7 rings,Ariana Grande,0.778,0.317,1,-10.732,0,0.334,0.592,0,0.0881,0.327,140.048,178627,4,before
SICKO MODE,Travis Scott,0.834,0.73,8,-3.714,1,0.222,0.00513,0,0.124,0.446,155.008,312820,4,before
Make No Sense,YoungBoy Never Broke Again,0.876,0.733,10,-4.478,0,0.333,0.0208,0,0.0999,0.962,154.904,148630,4,before
Start Wit Me (feat. Gunna),Roddy Ricch,0.886,0.479,4,-8.054,0,0.334,0.077,0,0.135,0.408,130.029,158692,4,before
WHAT TO DO? (feat. Don Toliver),"JACKBOYS, Travis Scott",0.643,0.594,9,-5.191,0,0.0312,0.0695,1.46e-05,0.115,0.195,118.037,250142,4,before
Camelot,NLE Choppa,0.787,0.713,7,-5.252,1,0.401,0.0849,0,0.717,0.761,175.046,148759,4,before
God's Plan,Drake,0.754,0.449,7,-9.211,1,0.109,0.0332,8.29e-05,0.552,0.357,77.169,198973,4,before
Falling,Harry Styles,0.567,0.267,4,-6.502,1,0.0299,0.839,1.46e-06,0.089,0.0592,110.011,240133,4,before
GANG GANG,"JACKBOYS, Sheck Wes",0.859,0.6,7,-4.63,0,0.301,0.071,0,0.353,0.568,123.017,244761,4,before
Talk (feat. Disclosure),Khalid,0.901,0.4,0,-8.575,1,0.126,0.051,0,0.0599,0.346,135.984,197573,4,before
All Girls Are The Same,Juice WRLD,0.671,0.529,0,-7.226,1,0.307,0.0769,0.000335,0.0856,0.203,161.989,165820,4,before
Happier,"Marshmello, Bastille",0.687,0.792,5,-2.749,1,0.0452,0.191,0,0.167,0.671,100.015,214290,4,before
Yellow Hearts,Ant Saunders,0.866,0.438,7,-8.943,1,0.0719,0.177,0,0.0743,0.695,129.039,223258,4,before
Baby (Lil Baby feat. DaBaby),Quality Control,0.97,0.463,10,-7.259,1,0.366,0.0957,0,0.151,0.46,108.003,142417,4,before
Vete,Bad Bunny,0.886,0.672,1,-4.394,1,0.188,0.0363,8.78e-06,0.101,0.526,91.976,192024,4,before
Legends,Juice WRLD,0.594,0.798,4,-5.244,1,0.0844,0.115,0,0.143,0.381,142.049,191840,4,before
Let Me Know (I Wonder Why Freestyle),Juice WRLD,0.635,0.537,7,-7.895,0,0.0832,0.172,0,0.418,0.383,125.028,215381,4,before
The London (feat. J. Cole & Travis Scott),Young Thug,0.784,0.517,4,-8.981,0,0.209,0.0249,1.44e-06,0.155,0.206,97.991,200187,4,before
Pop Out (feat. Lil Tjay),Polo G,0.772,0.639,1,-7.119,1,0.467,0.15,0,0.0698,0.261,168.112,166560,4,before
Beautiful People (feat. Khalid),Ed Sheeran,0.64,0.647,5,-8.114,0,0.186,0.124,0,0.0801,0.546,92.979,197867,4,before
Say So,Doja Cat,0.787,0.673,11,-4.577,0,0.158,0.256,3.57e-06,0.0904,0.786,110.962,237893,4,before
Take What You Want (feat. Ozzy Osbourne & Travis Scott),Post Malone,0.499,0.8,1,-2.665,0,0.0502,0.0906,0,0.147,0.272,139.919,229573,4,before
SUGAR,BROCKHAMPTON,0.453,0.538,1,-8.212,1,0.0638,0.449,0,0.19,0.516,122.973,204533,4,before
ORANGE SODA,Baby Keem,0.83,0.564,1,-7.822,1,0.235,0.177,0,0.128,0.107,85.042,129882,4,before
Going Bad (feat. Drake),Meek Mill,0.889,0.496,4,-6.365,0,0.0905,0.259,0,0.252,0.544,86.003,180522,4,before
VALENTINO,24kGoldn,0.746,0.717,9,-4.841,0,0.179,0.199,0,0.132,0.523,150.964,179133,4,before
Girls Like You (feat. Cardi B),Maroon 5,0.851,0.541,0,-6.825,1,0.0505,0.568,0,0.13,0.448,124.959,235545,4,before
Drip Too Hard (Lil Baby & Gunna),Lil Baby,0.897,0.662,1,-6.903,0,0.292,0.0852,0,0.534,0.389,112.511,145543,4,before
Tusa,"KAROL G, Nicki Minaj",0.803,0.715,2,-3.28,1,0.298,0.295,0.000134,0.0574,0.574,101.085,200960,4,before
Peta (feat. Meek Mill),Roddy Ricch,0.778,0.573,10,-7.339,0,0.251,0.015,0,0.464,0.269,140.114,198849,4,before
I Like It,"Cardi B, Bad Bunny, J Balvin",0.816,0.726,5,-3.998,0,0.129,0.099,0,0.372,0.65,136.048,253390,4,before
Murder On My Mind,YNW Melly,0.759,0.73,0,-7.985,0,0.0516,0.145,3.06e-06,0.11,0.74,115.007,268434,4,before
Cash Shit (feat. DaBaby),Megan Thee Stallion,0.921,0.635,1,-4.904,1,0.416,0.0218,0,0.0946,0.549,130.028,192540,4,before
Closer,"The Chainsmokers, Halsey",0.748,0.524,8,-5.599,1,0.0338,0.414,0,0.111,0.661,95.01,244960,4,before
when the party's over,Billie Eilish,0.367,0.111,4,-14.084,1,0.0972,0.978,3.97e-05,0.0897,0.198,82.642,196077,4,before
Lights Up,Harry Styles,0.575,0.621,10,-8.165,0,0.032,0.0392,0.0045,0.141,0.27,101.987,172213,4,before
Hate Me (with Juice WRLD),Ellie Goulding,0.657,0.768,8,-4.628,1,0.0507,0.108,0,0.144,0.759,75.025,186223,4,before
Panini,Lil Nas X,0.703,0.594,5,-6.146,0,0.0752,0.342,0,0.123,0.475,153.848,114893,4,before
GOODMORNINGTOKYO!,TOKYO’S REVENGE,0.907,0.539,4,-7.782,1,0.36,0.0408,0,0.253,0.664,124.918,150115,4,before
Tip Toe (feat. A Boogie Wit da Hoodie),Roddy Ricch,0.757,0.673,1,-8.513,1,0.141,0.095,0,0.338,0.574,92.958,185806,3,before
Lalala,"Y2K, bbno$",0.843,0.391,2,-7.899,1,0.0845,0.181,0,0.137,0.496,129.972,160627,4,before
RITMO (Bad Boys For Life),"Black Eyed Peas, J Balvin",0.721,0.716,10,-7.037,0,0.0657,0.0334,0.00084,0.237,0.667,104.994,221714,4,before
Hot (feat. Gunna),Young Thug,0.855,0.651,0,-8.044,0,0.235,0.063,0,0.0772,0.559,111.997,193027,4,before
EARFQUAKE,"Tyler, The Creator",0.554,0.498,9,-8.866,1,0.0685,0.23,5.98e-06,0.795,0.413,79.635,190067,4,before
Better Now,Post Malone,0.68,0.578,10,-5.804,1,0.04,0.331,0,0.135,0.341,145.038,231267,4,before
Juice,Lizzo,0.767,0.889,7,-2.988,1,0.0963,0.00611,0,0.402,0.843,119.93,195145,4,before
Into the Unknown,"Idina Menzel, AURORA",0.323,0.405,10,-8.533,0,0.0413,0.849,0.000544,0.138,0.274,145.104,194848,5,before
Enemies (feat. DaBaby),Post Malone,0.542,0.674,6,-4.169,1,0.21,0.0588,0,0.0955,0.667,76.388,196760,4,before
Swervin (feat. 6ix9ine),A Boogie Wit da Hoodie,0.581,0.662,9,-5.239,1,0.303,0.0153,0,0.111,0.434,93.023,189487,4,before
SAD!,XXXTENTACION,0.74,0.613,8,-4.88,1,0.145,0.258,0.00372,0.123,0.473,75.023,166606,4,before
Sucker,Jonas Brothers,0.842,0.734,1,-5.065,0,0.0588,0.0427,0,0.106,0.952,137.958,181027,4,before
SLOW DANCING IN THE DARK,Joji,0.515,0.479,3,-7.458,1,0.0261,0.544,0.00598,0.191,0.284,88.964,209274,4,before
Juicy,"Doja Cat, Tyga",0.786,0.652,0,-2.607,1,0.0669,0.102,0,0.0697,0.483,170.031,203093,4,before
6 Kiss,"Trippie Redd, Juice WRLD, YNW Melly",0.687,0.449,2,-10.061,1,0.154,0.109,0,0.282,0.229,142.048,199437,4,before
Shape of You,Ed Sheeran,0.825,0.652,1,-3.183,0,0.0802,0.581,0,0.0931,0.931,95.977,233713,4,before
Don't Stop Me Now - Remastered 2011,Queen,0.559,0.868,5,-5.276,1,0.17,0.0475,0.000176,0.776,0.609,156.295,209413,4,before
I Don't Care (with Justin Bieber),Ed Sheeran,0.798,0.676,6,-5.041,1,0.0442,0.0902,0,0.0894,0.843,101.956,219947,4,before
Armed And Dangerous,Juice WRLD,0.736,0.67,10,-6.702,1,0.311,0.186,0,0.114,0.845,130.032,169999,4,before
Young Dumb & Broke,Khalid,0.798,0.539,1,-6.351,1,0.0421,0.199,1.66e-05,0.165,0.394,136.949,202547,4,before
lovely (with Khalid),Billie Eilish,0.351,0.296,4,-10.109,0,0.0333,0.934,0,0.095,0.12,115.284,200186,4,before
How Do You Sleep?,Sam Smith,0.477,0.682,1,-4.931,0,0.0925,0.153,0,0.0763,0.345,110.567,202205,5,before
F.N,Lil Tjay,0.567,0.515,6,-10.265,0,0.247,0.354,0,0.078,0.321,120.1,224000,1,before
The Middle,"Zedd, Maren Morris, Grey",0.753,0.657,7,-3.061,1,0.0449,0.171,0,0.112,0.437,107.01,184732,4,before
Good as Hell,Lizzo,0.682,0.919,0,-3.18,0,0.0875,0.256,0,0.442,0.535,95.982,159736,4,before
Graveyard,Halsey,0.667,0.583,11,-5.127,0,0.0747,0.231,4.48e-05,0.181,0.187,92.043,181806,4,before
One Dance,"Drake, WizKid, Kyla",0.792,0.625,1,-5.609,1,0.0536,0.00776,0.0018,0.329,0.37,103.967,173987,4,before
July,Noah Cyrus,0.708,0.186,9,-8.953,0,0.0422,0.868,0,0.0779,0.321,72.541,156107,4,before
Ransom (with Juice WRLD) - Remix,Lil Tecca,0.684,0.671,2,-6.424,0,0.289,0.0119,0,0.0769,0.45,179.987,171253,4,before
Trampoline,"SHAED, ZAYN",0.619,0.459,7,-5.782,0,0.0334,0.56,0,0.137,0.498,126.803,184280,4,before
I Fall Apart,Post Malone,0.556,0.538,8,-5.408,0,0.0382,0.0689,0,0.196,0.291,143.95,223347,4,before
Feel It Still,Portugal. The Man,0.801,0.795,1,-5.115,0,0.0504,0.0417,0.000113,0.0717,0.754,79.028,163253,4,before
Panini - DaBaby Remix,Lil Nas X,0.717,0.598,5,-5.613,0,0.0809,0.22,0,0.122,0.496,153.905,151040,4,before
Despacito - Remix,"Luis Fonsi, Daddy Yankee, Justin Bieber",0.649,0.798,2,-4.346,1,0.178,0.226,0,0.0711,0.857,177.899,230413,4,before
Lean Wit Me,Juice WRLD,0.665,0.651,1,-5.515,1,0.156,0.0414,0,0.0896,0.237,163.935,175755,4,before
Hot Shower,"Chance the Rapper, MadeinTYO, DaBaby",0.899,0.509,9,-8.04,1,0.387,0.00157,0,0.0573,0.599,150.001,225924,4,before
Sanguine Paradise,Lil Uzi Vert,0.729,0.603,6,-6.736,0,0.0666,0.0948,0,0.113,0.207,134.972,243976,4,before
Hey Ya!,Outkast,0.727,0.974,4,-2.261,0,0.0664,0.103,0.000532,0.174,0.965,79.526,235213,4,before
XO Tour Llif3,Lil Uzi Vert,0.732,0.75,11,-6.366,0,0.231,0.00264,0,0.109,0.401,155.096,182707,4,before
Wake Me Up,Avicii,0.532,0.783,2,-5.697,1,0.0523,0.0038,0.0012,0.161,0.643,124.08,247427,4,before
Hop Off A Jet (feat. Travis Scott),Young Thug,0.823,0.476,7,-8.951,1,0.242,0.0115,0,0.213,0.353,144.998,174067,4,before
Callaita,"Bad Bunny, Tainy",0.61,0.624,2,-4.773,1,0.309,0.6,2.12e-06,0.243,0.244,176.169,250534,4,before
goosebumps,Travis Scott,0.841,0.728,7,-3.37,1,0.0484,0.0847,0,0.149,0.43,130.049,243837,4,before
Pure Water (with Migos),Mustard,0.682,0.559,0,-5.545,1,0.127,0.174,0,0.344,0.137,202.015,192471,4,before
Can't Hold Us - feat. Ray Dalton,Macklemore & Ryan Lewis,0.641,0.922,2,-4.457,1,0.0786,0.0291,0,0.0862,0.847,146.078,258343,4,before
Somebody,"Internet Money, Lil Tecca, A Boogie Wit da Hoodie",0.63,0.671,6,-6.659,0,0.256,0.363,0,0.113,0.333,89.921,174333,4,before
High Hopes,Panic! At The Disco,0.579,0.904,5,-2.729,1,0.0618,0.193,0,0.064,0.681,82.014,190947,4,before
Without Me,Halsey,0.752,0.488,6,-7.05,1,0.0705,0.297,9.11e-06,0.0936,0.533,136.041,201661,4,before
Heart On Ice,Rod Wave,0.733,0.389,10,-8.468,0,0.0738,0.0513,0,0.141,0.244,157.878,159670,3,before
Jocelyn Flores,XXXTENTACION,0.872,0.391,0,-9.144,0,0.242,0.469,4.13e-06,0.297,0.437,134.021,119133,4,before
Before You Go,Lewis Capaldi,0.459,0.575,3,-4.858,1,0.0573,0.604,0,0.0885,0.183,111.881,215107,4,before
High Fashion (feat. Mustard),Roddy Ricch,0.831,0.499,11,-8.442,0,0.114,0.269,0,0.3,0.511,97.956,220487,4,before
If the World Was Ending - feat. Julia Michaels,JP Saxe,0.464,0.473,1,-10.086,1,0.129,0.866,0,0.109,0.604,75.801,208687,4,before
HUMBLE.,Kendrick Lamar,0.908,0.621,1,-6.638,0,0.102,0.000282,5.39e-05,0.0958,0.421,150.011,177000,4,before
GATTI,"JACKBOYS, Pop Smoke, Travis Scott",0.594,0.676,2,-5.808,1,0.344,0.135,0,0.163,0.472,143.477,181145,4,before
My Type,Saweetie,0.899,0.811,2,-6.294,1,0.258,0.000677,0,0.0672,0.587,105.038,126446,4,before
Up All Night,Khalid,0.665,0.712,1,-7.536,1,0.0527,0.00103,0.00342,0.102,0.669,93.989,157220,4,before
Immortal,21 Savage,0.741,0.87,6,-3.494,0,0.503,0.00813,0,0.114,0.663,184.194,254723,4,before
Bad Bad Bad (feat. Lil Baby),Young Thug,0.974,0.596,6,-8.888,1,0.184,0.0976,0,0.151,0.892,111.959,149040,4,before
MIA (feat. Drake),Bad Bunny,0.817,0.539,6,-6.349,0,0.0621,0.0141,0.000496,0.099,0.158,97.062,210368,4,before
Millions,Young Thug,0.942,0.531,1,-7.51,1,0.215,0.00236,0.000106,0.0812,0.74,99.027,157520,4,before
Eastside (with Halsey & Khalid),benny blanco,0.632,0.686,6,-7.665,0,0.243,0.549,0,0.2,0.329,89.949,170770,4,before
Pumped Up Kicks,Foster The People,0.733,0.71,5,-5.849,0,0.0292,0.145,0.115,0.0956,0.965,127.975,239600,4,before
Maniac,Conan Gray,0.623,0.647,8,-5.438,1,0.04,0.00122,0,0.354,0.522,107.987,185787,4,before
One Thing Right,"Marshmello, Kane Brown",0.659,0.623,4,-2.253,1,0.0451,0.0667,0,0.582,0.439,88.042,181824,4,before
Heartless (feat. Morgan Wallen),Diplo,0.764,0.555,11,-6.414,1,0.0604,0.275,0,0.0824,0.255,111.004,169227,4,before
Congratulations,"Post Malone, Quavo",0.63,0.804,6,-4.183,1,0.0363,0.215,0,0.253,0.492,123.146,220293,4,before
Shotta Flow (feat. Blueface) [Remix],NLE Choppa,0.894,0.511,2,-4.768,1,0.421,0.0251,0,0.14,0.567,120.077,176632,4,before
Nice For What,Drake,0.585,0.909,8,-6.474,1,0.0707,0.0891,9.7e-05,0.119,0.758,93.372,210747,4,before
Did It Again,Lil Tecca,0.686,0.561,10,-9.929,0,0.191,0.185,0,0.114,0.186,148.775,116240,4,before
LA CANCIÓN,"J Balvin, Bad Bunny",0.754,0.646,7,-5.795,1,0.317,0.152,1.85e-05,0.108,0.429,176.089,242573,4,before
New Rules,Dua Lipa,0.762,0.7,9,-6.021,0,0.0694,0.00261,1.56e-05,0.153,0.608,116.073,209320,4,before
Moonlight,XXXTENTACION,0.921,0.537,9,-5.723,0,0.0804,0.556,0.00404,0.102,0.711,128.009,135090,4,before
Havana (feat. Young Thug),Camila Cabello,0.765,0.523,2,-4.333,1,0.03,0.184,3.56e-05,0.132,0.394,104.988,217307,4,before
BEST ON EARTH (feat. BIA) - Bonus,Russ,0.568,0.764,5,-3.465,0,0.255,0.217,0,0.0931,0.625,179.985,160720,4,before
One Kiss (with Dua Lipa),Calvin Harris,0.791,0.862,9,-3.24,0,0.11,0.037,2.19e-05,0.0814,0.592,123.994,214847,4,before
Dancing With A Stranger (with Normani),Sam Smith,0.741,0.52,8,-7.513,1,0.0656,0.45,1.97e-06,0.222,0.347,102.998,171030,4,before
Envy Me,Calboy,0.74,0.488,1,-7.664,0,0.27,0.234,0,0.241,0.584,149.042,120133,4,before
bury a friend,Billie Eilish,0.905,0.389,8,-14.505,1,0.332,0.74,0.162,0.106,0.196,120.046,193143,4,before
You Need To Calm Down,Taylor Swift,0.771,0.671,2,-5.617,1,0.0553,0.00929,0,0.0637,0.714,85.026,171360,4,before
South of the Border (feat. Camila Cabello & Cardi B),Ed Sheeran,0.857,0.621,9,-6.376,0,0.0825,0.148,0,0.0865,0.668,97.989,204467,4,before
Candy,Doja Cat,0.689,0.516,8,-5.857,1,0.0444,0.513,0,0.163,0.209,124.876,190920,4,before
It's You,Ali Gatie,0.732,0.463,11,-6.972,0,0.0287,0.374,0,0.194,0.397,95.971,212607,4,before
Faucet Failure,Ski Mask The Slump God,0.935,0.552,10,-9.373,0,0.335,0.111,0,0.0952,0.615,99.993,145627,4,before
Mo Bamba,Sheck Wes,0.729,0.625,4,-5.266,1,0.0315,0.194,0.00986,0.248,0.261,146.034,183907,4,before
Motivation,Normani,0.599,0.887,4,-3.967,1,0.0984,0.0192,1.21e-06,0.3,0.881,170.918,193837,4,before
Yes Indeed,"Lil Baby, Drake",0.963,0.346,5,-9.309,0,0.53,0.0355,0,0.108,0.562,119.957,142273,4,before
One Man Band,Old Dominion,0.706,0.358,6,-8.331,1,0.0348,0.677,0,0.107,0.478,75.991,186240,4,before
a lot,21 Savage,0.837,0.636,1,-7.643,1,0.086,0.0395,0.00125,0.342,0.274,145.972,288624,4,before
Famous Hoes,NLE Choppa,0.732,0.627,4,-5.693,0,0.161,0.346,0,0.261,0.332,81.481,135460,4,before
Graduation (with Juice WRLD),benny blanco,0.731,0.65,0,-5.286,1,0.271,0.107,0,0.124,0.605,154.968,177847,4,before
Fuck Love (feat. Trippie Redd),XXXTENTACION,0.797,0.533,0,-9.74,0,0.0412,0.0172,0.000152,0.103,0.329,131.036,146520,4,before
Better,Khalid,0.596,0.552,0,-10.278,0,0.097,0.0765,0.334,0.104,0.112,97.949,229320,4,before
ocean eyes,Billie Eilish,0.475,0.37,4,-7.725,0,0.0361,0.819,0.0577,0.0841,0.157,144.828,200560,4,before
UP THE SMOKE (with Offset),Stunna 4 Vegas,0.907,0.765,4,-7.043,1,0.426,0.0512,0,0.153,0.896,142.992,188048,4,before
How I Move (feat. Lil Baby),Flipp Dinero,0.826,0.635,5,-5.181,0,0.212,0.102,0,0.245,0.808,119.954,224916,4,before
The Less I Know The Better,Tame Impala,0.64,0.74,4,-4.083,1,0.0284,0.0115,0.00678,0.167,0.785,116.879,216320,4,before
Saint-Tropez,Post Malone,0.617,0.684,0,-3.618,1,0.0439,0.0545,0,0.104,0.295,132.113,150867,4,before
No Role Modelz,J. Cole,0.692,0.521,10,-8.465,0,0.33,0.301,0,0.0565,0.463,100.45,292987,4,before
Love Me More,Trippie Redd,0.638,0.539,10,-5.853,1,0.0504,0.22,0,0.241,0.247,83.381,143713,4,before
Noticed,Lil Mosey,0.699,0.558,11,-7.622,1,0.0603,0.462,0,0.116,0.493,79.992,165000,4,before
no tears left to cry,Ariana Grande,0.699,0.713,9,-5.507,0,0.0594,0.04,3.11e-06,0.294,0.354,121.993,205920,4,before
We Are Young (feat. Janelle Monáe),fun.,0.378,0.638,10,-5.576,1,0.075,0.02,7.66e-05,0.0849,0.735,184.086,250627,4,before
Beautiful Crazy,Luke Combs,0.551,0.402,11,-7.431,1,0.0262,0.676,0,0.0928,0.382,103.313,193200,4,before
Speechless,Dan + Shay,0.616,0.438,1,-5.968,1,0.0298,0.356,0,0.24,0.386,135.929,213387,4,before
Paper Planes,M.I.A.,0.447,0.848,2,-6.175,1,0.222,0.033,7.45e-05,0.722,0.485,172.247,203760,4,before
Slide,"H.E.R., YG",0.827,0.469,10,-9.141,0,0.341,0.0807,8.12e-06,0.207,0.196,97.028,238321,4,before
Whiskey Glasses,Morgan Wallen,0.614,0.68,6,-4.58,1,0.0289,0.369,1.84e-06,0.115,0.707,149.959,234347,4,before
All Me (feat. Keyshia Cole),Kehlani,0.42,0.731,3,-2.657,0,0.0548,0.233,0,0.196,0.588,95.575,178348,4,before
"All I Want - From ""High School Musical: The Musical: The Series""",Olivia Rodrigo,0.376,0.43,0,-6.585,0,0.0328,0.0902,0,0.0912,0.129,77.599,177323,3,before
Mean It,"Lauv, LANY",0.746,0.45,7,-8.543,1,0.0872,0.0407,0,0.172,0.336,95.998,232853,4,before
Look At Her Now,Selena Gomez,0.563,0.564,10,-7.906,0,0.271,0.114,0.0254,0.304,0.55,154.355,162596,5,before
Cherry,Harry Styles,0.53,0.512,7,-9.261,1,0.0259,0.615,0.00453,0.129,0.411,95.946,259187,4,before
Golden,Harry Styles,0.448,0.838,4,-5.257,0,0.0557,0.21,0.000131,0.131,0.254,139.863,208907,4,before
The Bones,Maren Morris,0.612,0.57,11,-6.642,0,0.0347,0.279,0,0.0963,0.335,77.004,197293,4,before
Nice To Meet Ya,Niall Horan,0.591,0.841,4,-4.351,0,0.0304,0.0119,0,0.395,0.392,109.034,158805,4,before
I Like Me Better,Lauv,0.752,0.505,9,-7.621,1,0.253,0.535,2.55e-06,0.104,0.419,91.97,197437,4,before
i love you,Billie Eilish,0.421,0.131,0,-18.435,1,0.0382,0.952,0.00453,0.109,0.12,137.446,291796,4,before
Tequila,Dan + Shay,0.489,0.581,11,-5.731,1,0.0281,0.0312,0,0.132,0.494,86.016,196747,4,before
Best Part (feat. Daniel Caesar),H.E.R.,0.473,0.371,4,-10.219,0,0.0405,0.795,0,0.109,0.413,75.208,209400,4,before
wish you were gay,Billie Eilish,0.853,0.351,7,-10.198,1,0.241,0.39,9.38e-06,0.752,0.282,118.028,221543,4,before
Family,"The Chainsmokers, Kygo",0.584,0.607,11,-6.605,1,0.0356,0.426,0,0.101,0.374,117.817,194827,4,before
Hollywood's Bleeding,Post Malone,0.405,0.646,4,-3.206,0,0.0476,0.331,0,0.103,0.17,130.218,156267,4,before
Youngblood,5 Seconds of Summer,0.596,0.854,7,-5.114,0,0.463,0.0169,0,0.124,0.152,120.274,203418,4,before
Lover (Remix) [feat. Shawn Mendes],Taylor Swift,0.448,0.603,7,-7.176,1,0.064,0.433,0,0.0862,0.422,205.272,221307,3,before
I,Lil Skies,0.649,0.453,6,-7.28,1,0.085,0.627,0,0.116,0.431,99.183,181891,4,before
I.F.L.Y.,Bazzi,0.812,0.519,2,-4.823,1,0.0385,0.379,0,0.13,0.554,104.954,165714,4,before
Lover,Taylor Swift,0.359,0.543,7,-7.582,1,0.0919,0.492,1.58e-05,0.118,0.453,68.534,221307,4,before
all the good girls go to hell,Billie Eilish,0.726,0.444,8,-8.922,0,0.372,0.283,0.143,0.177,0.569,185.044,168840,4,before
Say You Won't Let Go,James Arthur,0.358,0.557,10,-7.398,1,0.059,0.695,0,0.0902,0.494,85.043,211467,4,before
Love Me,Lil Tecca,0.719,0.538,11,-6.897,0,0.28,0.632,0,0.135,0.803,204.132,117013,4,before
Follow God,Kanye West,0.529,0.9,1,-3.503,1,0.418,0.000248,1.21e-05,0.0426,0.434,180.291,104591,4,before
Location,Khalid,0.736,0.449,1,-11.462,0,0.425,0.33,0.000162,0.0898,0.326,80.126,219080,4,before
Yummy,Justin Bieber,0.687,0.514,9,-6.612,0,0.0897,0.366,0,0.116,0.494,145.921,210427,4,before
20/20,Lil Tjay,0.886,0.336,4,-12.779,1,0.239,0.557,0,0.0933,0.536,100.044,230448,4,before
Changes,Lauv,0.532,0.455,2,-8.366,1,0.156,0.452,0,0.237,0.204,148.182,160187,4,before
Wrong Direction,Hailee Steinfeld,0.378,0.388,10,-9.017,1,0.036,0.472,0,0.157,0.188,72.293,248987,4,before
Sinning With You,Sam Hunt,0.744,0.505,4,-5.943,1,0.0333,0.609,0,0.247,0.294,122.015,196453,4,before
U Played (feat. Lil Baby),Moneybagg Yo,0.876,0.847,2,-3.574,1,0.232,0.00335,0,0.293,0.882,134.963,164754,4,before
This Bar,Morgan Wallen,0.545,0.884,2,-5.208,1,0.0817,0.115,0.000424,0.0496,0.272,110.015,185733,4,before
Never Seen the Rain,Tones And I,0.485,0.461,9,-5.646,1,0.0444,0.44,0,0.232,0.324,87.009,200756,4,before
FML,Arizona Zervas,0.822,0.575,5,-5.95,1,0.0934,0.113,0,0.106,0.616,100.087,223000,4,before
Ayy Macarena,Tyga,0.816,0.63,2,-5.568,1,0.226,0.133,0,0.0692,0.715,96.493,131607,4,before
Blueberry faygo,"Yung Anime, Lil Mozart",0.83,0.4,0,-11.032,1,0.0614,0.0224,7.39e-06,0.107,0.302,99.012,142068,4,before
"Baguettes in the Face (feat. NAV, Playboi Carti & A Boogie Wit da Hoodie)",Mustard,0.883,0.525,2,-8.054,0,0.0633,0.189,0,0.0971,0.312,99.978,174100,4,before
Chanel,Frank Ocean,0.776,0.503,0,-5.732,0,0.237,0.874,0,0.112,0.473,110.134,210285,4,before
Look Back at It,A Boogie Wit da Hoodie,0.791,0.587,3,-5.075,0,0.0413,0.407,0,0.148,0.536,96.057,179449,4,before
Monopoly,"DJ Diddy, Lil Xxel",0.844,0.573,0,-4.046,1,0.0623,0.074,0,0.104,0.435,120.04,160500,4,before
20 Min,Lil Uzi Vert,0.773,0.75,8,-4.009,0,0.117,0.109,0,0.174,0.783,123.426,220587,4,before
Hope,XXXTENTACION,0.592,0.457,9,-6.081,0,0.0603,0.661,0.000331,0.146,0.225,146.04,110886,4,before
changes,XXXTENTACION,0.669,0.308,11,-10.068,1,0.029,0.883,0,0.0984,0.52,64.934,121887,4,before
LOYAL (feat. Drake),PARTYNEXTDOOR,0.866,0.53,0,-6.347,0,0.0495,0.517,0.00159,0.0946,0.203,104.952,197973,4,before
1400 / 999 Freestyle,"Trippie Redd, Juice WRLD",0.825,0.572,6,-6.067,0,0.0864,0.0079,0,0.113,0.568,141.991,175954,4,before
Mean It,"Lauv, LANY",0.746,0.45,7,-8.543,1,0.0872,0.0407,0,0.172,0.336,95.998,232853,4,before
Lost In Yesterday,Tame Impala,0.569,0.84,1,-4.123,1,0.118,0.0295,0.000118,0.0995,0.749,183.059,249587,3,before
Bruises,Lewis Capaldi,0.736,0.308,4,-7.83,1,0.0677,0.946,0,0.186,0.361,111.202,220492,4,before
Trampoline (with ZAYN),SHAED,0.619,0.459,7,-5.782,0,0.0334,0.56,0,0.137,0.498,126.803,184280,4,before
Goin Baby,DaBaby,0.755,0.772,6,-5.585,1,0.4,0.128,0,0.157,0.678,132.906,141827,4,before
Life Is Good (feat. Drake),Future,0.676,0.609,2,-5.831,0,0.481,0.0706,0,0.152,0.508,142.037,237735,4,before
Good News,Mac Miller,0.794,0.32,1,-12.92,0,0.173,0.853,0.134,0.112,0.241,174.088,342040,4,before
Rare,Selena Gomez,0.838,0.545,5,-6.713,1,0.0706,0.208,8.01e-05,0.103,0.631,114.998,220590,4,before
You should be sad,Halsey,0.591,0.585,2,-6.35,1,0.0277,0.143,0,0.109,0.324,110.94,205473,4,before
Lose You To Love Me,Selena Gomez,0.488,0.343,4,-8.985,1,0.0436,0.556,0,0.21,0.0978,102.819,206459,4,before
Sum 2 Prove,Lil Baby,0.823,0.552,4,-7.57,0,0.324,0.0174,0,0.122,0.418,124.038,205760,4,before
Eleven,Khalid,0.701,0.396,4,-10.182,0,0.119,0.112,0.0209,0.223,0.115,129.004,206361,4,before
Vulnerable,Selena Gomez,0.695,0.573,10,-8.882,1,0.167,0.132,0.000137,0.156,0.38,100.031,192172,4,before
Look At Her Now,Selena Gomez,0.753,0.564,10,-7.908,0,0.252,0.114,0.0273,0.359,0.55,77.342,162596,5,before
Dance Again,Selena Gomez,0.784,0.552,1,-7.261,0,0.0871,0.0447,0,0.192,0.465,111.984,170498,4,before
Crowded Room (feat. 6LACK),Selena Gomez,0.724,0.415,7,-8.408,0,0.0518,0.764,2.51e-06,0.103,0.328,89.999,186459,4,before
Ring,Selena Gomez,0.873,0.51,3,-5.35,0,0.0661,0.565,3.13e-06,0.0738,0.871,110.953,148776,4,before
A Sweeter Place (feat. Kid Cudi),Selena Gomez,0.583,0.777,10,-6.991,0,0.185,0.109,0.000509,0.108,0.31,190.054,263306,4,before
People You Know,Selena Gomez,0.695,0.62,8,-8.082,0,0.0521,0.0881,5.43e-05,0.111,0.62,150.032,194900,4,before
Let Me Get Me,Selena Gomez,0.826,0.571,2,-9.263,1,0.0426,0.249,1.66e-05,0.215,0.475,121.06,189145,4,before
Kinda Crazy,Selena Gomez,0.691,0.446,11,-10.304,0,0.0472,0.484,0.00495,0.183,0.534,93.03,212436,4,before
Cut You Off,Selena Gomez,0.855,0.294,5,-8.676,1,0.286,0.3,9.22e-05,0.091,0.842,139.745,182017,4,before
U Played (feat. Lil Baby),Moneybagg Yo,0.874,0.847,2,-3.574,1,0.233,0.00341,0,0.29,0.881,134.965,164754,4,before
Diamonds (with Normani),Megan Thee Stallion,0.785,0.753,1,-3.841,1,0.0873,0.188,1.01e-06,0.265,0.488,94.012,199301,4,before
Fun,Selena Gomez,0.863,0.419,11,-10.144,0,0.437,0.076,4.92e-05,0.151,0.523,113.866,189382,4,before
The Story,Conan Gray,0.542,0.299,0,-10.379,1,0.0305,0.817,0,0.109,0.274,141.917,245267,4,before
Self Care,Mac Miller,0.52,0.538,1,-8.109,1,0.206,0.367,0.00187,0.119,0.177,141.894,345133,4,before
Protect Da Brand (feat. DaBaby),Moneybagg Yo,0.849,0.577,1,-6.802,1,0.181,0.0266,0,0.104,0.617,144.073,180020,4,before
Blueberry Fergo,Lil Monet,0.831,0.405,0,-10.578,1,0.0776,0.0171,3.3e-06,0.104,0.292,98.992,141997,4,before
Kraazy,Likybo,0.689,0.701,6,-9.477,0,0.237,0.314,0,0.123,0.37,94.982,151579,4,before
Tom Sawyer,Rush,0.536,0.901,9,-7.211,1,0.0374,0.00145,0.0186,0.06,0.666,87.559,276880,4,before
Conversations in the Dark,John Legend,0.372,0.355,8,-8.436,0,0.03,0.754,0,0.167,0.142,126.705,237427,4,before
Burberry faygo,Lil Adrei,0.83,0.399,0,-10.988,1,0.0581,0.0243,3.8e-06,0.105,0.321,99.01,142106,4,before
Even Though I'm Leaving,Luke Combs,0.554,0.755,2,-6.04,1,0.0319,0.225,0,0.301,0.624,77.962,225253,4,before
Who Needs Love,Trippie Redd,0.85,0.516,0,-7.664,0,0.0714,0.763,0,0.0896,0.874,108.963,158532,4,before
Trampoline (with ZAYN),SHAED,0.619,0.459,7,-5.782,0,0.0334,0.56,0,0.137,0.498,126.803,184280,4,before
Break My Stride,Matthew Wilder,0.917,0.588,10,-11.047,1,0.0607,0.195,0,0.0914,0.828,110.077,184480,4,before
Godzilla (feat. Juice WRLD),Eminem,0.808,0.745,10,-5.26,0,0.342,0.145,0,0.292,0.829,165.995,210800,4,before
Good News,Mac Miller,0.794,0.32,1,-12.92,0,0.173,0.853,0.134,0.112,0.241,174.088,342040,4,before
Circles,Mac Miller,0.61,0.0316,9,-15.186,1,0.0486,0.896,0.00461,0.108,0.37,151.964,170360,4,before
Blue World,Mac Miller,0.742,0.553,8,-8.98,1,0.419,0.389,0,0.0694,0.508,84.931,209440,4,before
Complicated,Mac Miller,0.831,0.36,0,-8.073,1,0.052,0.136,0.00217,0.0703,0.601,75.014,232212,4,before
I Can See,Mac Miller,0.699,0.503,5,-9.922,0,0.0882,0.391,0.0126,0.0996,0.0546,114.86,220853,4,before
Unaccommodating (feat. Young M.A),Eminem,0.852,0.752,1,-5.793,1,0.0597,0.0169,0,0.394,0.389,89.95,216600,4,before
Hand Me Downs,Mac Miller,0.677,0.33,2,-11.198,1,0.149,0.474,0.000871,0.064,0.336,68.985,298440,4,before
"You Gon’ Learn (feat. Royce Da 5'9"" & White Gold)",Eminem,0.68,0.82,4,-4.197,0,0.151,0.0614,0,0.597,0.243,140.033,234653,4,before
Those Kinda Nights (feat. Ed Sheeran),Eminem,0.794,0.637,4,-6.29,0,0.339,0.028,0,0.0919,0.393,103.868,177693,4,before
Premonition - Intro,Eminem,0.847,0.637,1,-5.193,1,0.367,0.0258,0.000648,0.382,0.511,165.979,173893,4,before
Everybody,Mac Miller,0.875,0.599,9,-9.077,0,0.138,0.0333,0.0143,0.113,0.112,152.061,256507,4,before
Woods,Mac Miller,0.779,0.362,0,-10.847,1,0.0474,0.135,0.206,0.111,0.46,85.011,286387,4,before
Darkness,Eminem,0.671,0.623,2,-7.161,1,0.308,0.00998,7.55e-06,0.643,0.195,75.055,337147,4,before
In Too Deep,Eminem,0.72,0.767,10,-5.839,0,0.214,0.0387,0,0.202,0.595,88.966,194707,4,before
You should be sad,Halsey,0.591,0.585,2,-6.35,1,0.0277,0.143,0,0.109,0.324,110.94,205473,4,before
Leaving Heaven (feat. Skylar Grey),Eminem,0.661,0.748,2,-4.809,0,0.206,0.175,0,0.254,0.509,171.983,265947,3,before
That's On Me,Mac Miller,0.583,0.499,10,-10.086,1,0.0261,0.591,0.0104,0.33,0.342,155.199,217868,3,before
Surf,Mac Miller,0.828,0.182,1,-13.066,0,0.166,0.754,0.0706,0.15,0.231,147.279,330507,4,before
Hands,Mac Miller,0.739,0.627,0,-8.608,1,0.171,0.0459,0,0.159,0.542,74.962,199981,4,before
Once A Day,Mac Miller,0.762,0.054,2,-16.735,0,0.0503,0.947,0,0.124,0.339,96.838,160267,4,before
Alfred - Interlude,Eminem,0.429,0.231,5,-20.43,1,0.402,0.878,0,0.279,0.914,74.545,30133,5,before
What A Man Gotta Do,Jonas Brothers,0.852,0.698,9,-7.206,1,0.0629,0.00839,1.03e-06,0.0773,0.324,113.039,180645,4,before
"Yah Yah (feat. Royce Da 5'9"", Black Thought, Q-Tip & Denaun)",Eminem,0.458,0.966,1,-2.107,1,0.384,0.14,0,0.11,0.356,183.586,286960,4,before
Marsh,Eminem,0.871,0.493,1,-6.356,1,0.205,0.0134,0.000241,0.385,0.0495,144.989,200573,4,before
No Regrets (feat. Don Toliver),Eminem,0.756,0.747,9,-5.407,1,0.046,0.0048,0.00536,0.588,0.0687,134.935,200947,4,before
Stepdad,Eminem,0.779,0.805,1,-3.121,1,0.178,0.018,0,0.321,0.557,145.68,213413,4,before
Lock It Up (feat. Anderson .Paak),Eminem,0.848,0.745,6,-3.052,0,0.221,0.0949,0,0.0796,0.516,137.024,170227,4,before
Never Love Again,Eminem,0.747,0.899,5,-5.125,0,0.246,0.1,0,0.486,0.581,92.029,177547,4,before
Little Engine,Eminem,0.769,0.811,10,-4.162,0,0.228,0.0234,0,0.0451,0.76,155.081,177293,4,before
Black Swan,BTS,0.719,0.758,2,-5.167,0,0.0851,0.137,0,0.129,0.49,147.023,198261,4,before
Farewell,Eminem,0.89,0.664,4,-6.625,0,0.106,0.00487,0,0.257,0.467,93.007,247733,4,before
Still Learning,Halsey,0.708,0.661,0,-6.543,0,0.0546,0.0396,0.000244,0.113,0.317,102.046,211784,4,before
"I Will (feat. KXNG Crooked, Royce Da 5'9"" & Joell Ortiz)",Eminem,0.635,0.543,8,-5.941,1,0.067,0.0454,0.000678,0.272,0.036,98.743,303000,4,before
me & ur ghost,blackbear,0.755,0.631,7,-6.128,1,0.0261,0.0638,0,0.0929,0.881,100.026,200400,4,before
Graveyard,Halsey,0.667,0.583,11,-5.127,0,0.0747,0.231,4.48e-05,0.181,0.187,92.043,181806,4,before
Without Me,Halsey,0.752,0.488,6,-7.05,1,0.0705,0.297,9.11e-06,0.0936,0.533,136.041,201661,4,before
3am,Halsey,0.385,0.871,0,-4.604,0,0.0795,0.00906,0,0.579,0.538,189.76,234858,4,before
Ashley,Halsey,0.663,0.531,7,-6.339,1,0.0827,0.137,0,0.146,0.366,125.014,186188,4,before
Me & You Together Song,The 1975,0.272,0.763,9,-5.861,1,0.0348,1.65e-06,0.00157,0.299,0.394,107.388,209501,4,before
Alfred - Outro,Eminem,0.476,0.237,1,-14.514,1,0.0486,0.177,0,0.217,0.0387,106.972,39200,3,before
Tattoos Together,Lauv,0.862,0.4,4,-7.486,1,0.0736,0.00575,7.49e-06,0.123,0.596,122.963,186613,4,before
I HATE EVERYBODY,Halsey,0.679,0.197,5,-7.078,1,0.0331,0.137,0,0.0887,0.559,79.504,171016,4,before
clementine,Halsey,0.533,0.437,3,-7.659,0,0.162,0.885,0,0.106,0.48,143.263,234411,3,before
Forever ... (is a long time),Halsey,0.509,0.265,2,-9.716,0,0.0344,0.746,1.08e-06,0.198,0.291,70.028,167904,4,before
Money Talk,"Rich The Kid, YoungBoy Never Broke Again",0.8,0.631,10,-6.324,0,0.256,0.0308,0,0.147,0.627,154.984,174640,4,before
Dead Man Walking (feat. Future),2 Chainz,0.848,0.717,1,-5.401,1,0.14,0.0413,0,0.139,0.572,150.067,135507,4,before
Finally // beautiful stranger,Halsey,0.626,0.55,9,-5.105,0,0.029,0.051,0,0.118,0.123,133.976,221096,4,before
Under The Sun (with J. Cole & Lute feat. DaBaby),Dreamville,0.691,0.64,0,-6.441,1,0.369,0.511,0,0.409,0.163,138.672,202040,4,before
killing boys,Halsey,0.685,0.898,11,-5.796,1,0.186,0.243,0.000103,0.377,0.684,139.993,143364,4,before
Dominic’s Interlude,"Halsey, Dominic Fike",0.406,0.368,10,-6.31,1,0.0296,0.784,0,0.354,0.707,157.885,76480,4,before
SUGA's Interlude,"Halsey, SUGA, BTS",0.55,0.732,0,-6.88,1,0.105,0.0864,0,0.0425,0.246,153.836,138205,4,before
More,Halsey,0.399,0.224,11,-11.19,1,0.119,0.635,0,0.0836,0.172,170.795,153089,3,before
929,Halsey,0.642,0.317,9,-9.325,1,0.155,0.935,0,0.207,0.617,150.152,174806,4,before
UP THE SMOKE (with Offset),Stunna 4 Vegas,0.899,0.735,4,-7.719,1,0.4,0.0506,0,0.15,0.884,143.001,188107,4,before
Sad Tonight,Chelsea Cutler,0.71,0.676,0,-7.57,1,0.332,0.353,1.62e-05,0.172,0.471,105.025,179093,4,before
Alanis’ Interlude,"Halsey, Alanis Morissette",0.705,0.89,0,-4.356,1,0.0555,0.00947,0,0.14,0.45,94.013,161156,4,before
Big Black Truck (with JID),Dreamville,0.607,0.48,9,-7.833,1,0.635,0.451,0,0.357,0.142,171.332,152973,4,before
DO DAT (feat. DaBaby & Lil Baby),Stunna 4 Vegas,0.887,0.601,1,-6.301,1,0.434,0.0212,0,0.184,0.694,134.91,175653,3,before
First Place,"Polo G, Lil Tjay",0.656,0.566,0,-9.501,1,0.339,0.0125,0,0.0655,0.563,137.215,199992,4,before
Me Gusta,"Shakira, Anuel AA",0.775,0.696,1,-5.184,0,0.0681,0.0559,0.00184,0.157,0.775,92.007,190570,4,before
P*$$Y Fairy (OTW),Jhené Aiko,0.572,0.519,2,-7.092,0,0.212,0.536,0,0.102,0.35,128.331,181860,4,before
"Sunday Best (Feeling Good, Like I Should)",Surfaces,0.878,0.525,5,-6.832,1,0.0578,0.183,0,0.0714,0.694,112.022,158571,4,before
Lottery (Renegade),K CAMP,0.915,0.556,1,-8.601,1,0.216,0.0145,0.000179,0.0733,0.67,148.964,170947,4,before
Faygo,The 7 Dimensions,0.84,0.406,0,-10.514,1,0.0558,0.0171,1.17e-06,0.0997,0.334,98.962,142060,4,before
Mean It,"Lauv, LANY",0.746,0.45,7,-8.543,1,0.0872,0.0407,0,0.172,0.336,95.998,232853,4,before
I Hope,Gabby Barrett,0.561,0.536,6,-6.227,1,0.0346,0.0951,0,0.114,0.378,150.01,209229,4,before
Simmer,Hayley Williams,0.781,0.598,7,-7.418,1,0.043,0.213,0.00271,0.118,0.362,109.97,266116,4,before
B.I.T.C.H.,Megan Thee Stallion,0.742,0.731,11,-4.362,0,0.306,0.0851,0,0.131,0.547,174.019,183143,4,before
What If I Told You That I Love You,Ali Gatie,0.605,0.365,7,-11.144,1,0.111,0.63,6.83e-06,0.0554,0.224,84.628,193668,4,before
Forever Yours - Avicii Tribute,"Kygo, Sandro Cavazza",0.529,0.612,10,-8.794,1,0.052,0.253,0,0.246,0.434,119.272,193847,4,before
Truth Hurts,Lizzo,0.715,0.624,4,-3.046,0,0.114,0.11,0,0.123,0.412,158.087,173325,4,before
WHATS POPPIN,Jack Harlow,0.923,0.604,11,-6.671,0,0.245,0.017,0,0.272,0.826,145.062,139741,4,before
Boss Bitch,Doja Cat,0.707,0.955,10,-4.593,0,0.222,0.127,0,0.202,0.575,125.989,134240,4,before
Chasin' You,Morgan Wallen,0.631,0.591,7,-5.785,1,0.0277,0.657,0,0.11,0.489,97.074,205453,4,before
Good as Hell,Lizzo,0.682,0.919,0,-3.18,0,0.0875,0.256,0,0.442,0.535,95.982,159736,4,before
Everybody Dies In Their Nightmares,XXXTENTACION,0.734,0.57,7,-7.066,0,0.133,0.847,2.14e-05,0.112,0.689,129.953,95467,4,before
Anyone,Demi Lovato,0.557,0.387,11,-6.338,1,0.0374,0.876,0,0.111,0.317,129.98,227813,4,before
you should see me in a crown,Billie Eilish,0.678,0.533,4,-10.485,1,0.186,0.462,0.219,0.139,0.323,150.455,180953,4,before
Letter To Nipsey (feat. Roddy Ricch),Meek Mill,0.744,0.702,7,-6.255,0,0.288,0.264,0,0.12,0.338,91.885,167845,4,before
xanny,Billie Eilish,0.521,0.125,9,-17.832,1,0.239,0.751,0.00207,0.265,0.0528,111.554,243725,4,before
my strange addiction,Billie Eilish,0.939,0.305,8,-10.952,0,0.354,0.35,0.000169,0.105,0.563,100.029,179889,4,before
idontwannabeyouanymore,Billie Eilish,0.483,0.412,7,-8.461,1,0.0402,0.737,0,0.116,0.247,170.163,203569,3,before
listen before i go,Billie Eilish,0.319,0.0561,0,-23.023,1,0.045,0.935,0.00384,0.388,0.082,79.764,242652,3,before
you were good to me,"Jeremy Zucker, Chelsea Cutler",0.561,0.0848,2,-15.099,1,0.0404,0.913,2.62e-05,0.112,0.206,102.128,219147,4,before
8,Billie Eilish,0.735,0.235,3,-13.239,1,0.315,0.698,0.00604,0.107,0.462,62.446,173202,4,before
Rodeo - feat. Nas,Lil Nas X,0.65,0.637,9,-6.195,1,0.0369,0.0814,0.000607,0.51,0.575,140.115,145222,4,before
Get Me,"Justin Bieber, Kehlani",0.824,0.503,6,-6.94,0,0.156,0.05,5.25e-05,0.107,0.784,109.397,185419,5,before
Lose Control,"MEDUZA, Becky Hill, Goodboys",0.598,0.526,10,-8.659,0,0.0415,0.129,0,0.14,0.529,123.935,168387,4,before
Get Your Wish,Porter Robinson,0.542,0.684,11,-5.844,1,0.0508,0.0997,0,0.125,0.442,95.004,217880,4,before
"I Do It (ft. Big Sean, Lil Baby)",Lil Wayne,0.804,0.528,1,-3.231,1,0.378,0.125,0,0.41,0.321,138.005,184440,4,before
Funeral,Lil Wayne,0.577,0.624,0,-4.28,1,0.26,0.472,0,0.182,0.324,136.966,194640,4,before
King Of My City,A Boogie Wit da Hoodie,0.48,0.679,4,-6.776,0,0.264,0.452,0,0.152,0.29,81.186,148676,5,before
Mahogany,Lil Wayne,0.466,0.608,1,-4.8,0,0.45,0.0737,0,0.406,0.41,79.48,177867,4,before
Physical,Dua Lipa,0.647,0.844,0,-3.756,1,0.0457,0.0137,0.000658,0.102,0.746,146.962,193829,4,before
Mama Mia,Lil Wayne,0.711,0.639,5,-5.338,0,0.431,0.335,0,0.144,0.961,139.945,225440,4,before
Dreams,Lil Wayne,0.604,0.57,7,-4.093,0,0.0331,0.104,0,0.178,0.618,140.06,227680,4,before
GUESS WHAT (feat. Rick Ross),Russ,0.738,0.785,1,-10.035,1,0.272,0.0711,1.59e-05,0.117,0.357,92.008,206013,4,before
Bing James (ft. Jay Rock),Lil Wayne,0.749,0.657,9,-5.186,0,0.339,0.197,0,0.0713,0.69,169.936,203681,4,before
Stop Playin With Me,Lil Wayne,0.623,0.783,7,-7.141,1,0.423,0.718,0,0.565,0.783,88.562,187373,4,before
Only The Young - Featured in Miss Americana,Taylor Swift,0.56,0.78,5,-4.895,0,0.0517,0.00244,0,0.0714,0.602,93.516,157507,4,before
Clap For Em,Lil Wayne,0.567,0.803,11,-5.656,1,0.222,0.0186,0,0.361,0.568,97.547,150827,4,before
BEST ON EARTH (feat. BIA) - Bonus,Russ,0.846,0.748,5,-3.512,0,0.078,0.188,0,0.093,0.597,90.006,160720,4,before
Know You Know (ft. 2 Chainz),Lil Wayne,0.803,0.549,0,-5.347,0,0.28,0.438,0,0.135,0.591,139.935,164773,4,before
I Don't Sleep (ft. Takeoff),Lil Wayne,0.587,0.635,8,-6.369,1,0.422,0.0785,0,0.175,0.758,82.517,200733,4,before
Trust Nobody (ft. Adam Levine),Lil Wayne,0.776,0.566,2,-5.301,0,0.0617,0.18,0,0.115,0.389,84.988,168333,4,before
Not Me,Lil Wayne,0.897,0.616,1,-5.4,1,0.325,0.401,0,0.15,0.585,94.014,199027,4,before
Wild Dogs,Lil Wayne,0.807,0.519,2,-6.489,1,0.337,0.0403,0,0.152,0.283,134.867,216893,4,before
Harden,Lil Wayne,0.646,0.79,4,-4.776,0,0.219,0.35,0,0.322,0.648,144.148,182240,4,before
Get Outta My Head (ft. XXXTentacion),Lil Wayne,0.547,0.544,5,-8.033,0,0.508,0.2,0,0.129,0.491,101.913,178480,3,before
Nice to Meet Ya (feat. Nicki Minaj),Meghan Trainor,0.754,0.561,10,-6.279,0,0.333,0.0111,0.0267,0.126,0.539,192.034,197004,4,before
Ball Hard (ft. Lil Twist),Lil Wayne,0.859,0.652,8,-6.343,1,0.301,0.143,0,0.106,0.745,75.518,178933,4,before
Tonight,Kesha,0.65,0.763,5,-6.124,1,0.134,0.0108,0,0.0782,0.354,150.021,196040,4,before
Value,A$AP Ferg,0.766,0.901,1,-2.764,1,0.128,0.104,7.15e-06,0.0924,0.215,129.993,167158,4,before
Sights And Silencers (ft. The Dream),"Lil Wayne, The-Dream",0.766,0.398,6,-8.189,1,0.0303,0.493,0.00118,0.119,0.092,125.051,202920,4,before
Heartless (feat. Morgan Wallen),"Diplo, Julia Michaels",0.647,0.553,11,-6.35,1,0.0421,0.215,0,0.0728,0.272,110.949,172973,4,before
Piano Trap,Lil Wayne,0.572,0.807,1,-2.135,1,0.271,0.0646,0,0.116,0.562,140.032,194773,4,before
Momentary Bliss (feat. slowthai and Slaves),Gorillaz,0.641,0.807,9,-6.73,1,0.239,0.0851,2.38e-05,0.64,0.712,158.071,221386,4,before
Bastard (Satan's Kid),Lil Wayne,0.822,0.692,10,-4.176,0,0.227,0.264,0.00263,0.131,0.782,139.97,192147,4,before
NEED A MINUTE,Russ,0.777,0.541,9,-6.433,1,0.168,0.0433,0,0.18,0.167,81.946,164013,4,before
Mood (feat. iann dior),24kGoldn,0.7,0.722,7,-3.558,0,0.0369,0.221,0,0.272,0.756,90.989,140526,4,after
Blinding Lights,The Weeknd,0.514,0.73,1,-5.934,1,0.0598,0.00146,9.54e-05,0.0897,0.334,171.005,200040,4,after
DÁKITI,"Bad Bunny, Jhay Cortez",0.731,0.573,4,-10.059,0,0.0544,0.401,5.22e-05,0.113,0.145,109.928,205090,4,after
"Lemonade (feat. Gunna, Don Toliver & NAV)",Internet Money,0.8,0.658,1,-6.142,0,0.079,0.25,0,0.111,0.462,140.042,195429,4,after
positions,Ariana Grande,0.737,0.802,0,-4.771,1,0.0878,0.468,0,0.0931,0.682,144.015,172325,4,after
WAP (feat. Megan Thee Stallion),Cardi B,0.935,0.454,1,-7.509,1,0.375,0.0194,0,0.0824,0.357,133.073,187541,4,after
34+35,Ariana Grande,0.83,0.585,0,-6.476,1,0.094,0.237,0,0.248,0.485,109.978,173711,4,after
Levitating (feat. DaBaby),Dua Lipa,0.702,0.825,6,-3.787,0,0.0601,0.00883,0,0.0674,0.915,102.977,203064,4,after
Anyone,Justin Bieber,0.686,0.538,2,-8.026,1,0.0345,0.181,3.13e-06,0.113,0.584,115.884,190779,4,after
Good Days,SZA,0.436,0.655,1,-8.37,0,0.0583,0.499,8.1e-06,0.688,0.412,121.002,279204,4,after
Whoopty,CJ,0.719,0.648,3,-7.6,0,0.125,0.2,0,0.127,0.66,140.201,123263,4,after
Body,Megan Thee Stallion,0.914,0.732,8,-6.1,0,0.241,0.0166,0,0.107,0.469,94.066,171067,4,after
Laugh Now Cry Later (feat. Lil Durk),Drake,0.761,0.518,0,-8.871,1,0.134,0.244,3.47e-05,0.107,0.522,133.976,261493,4,after
For The Night (feat. Lil Baby & DaBaby),Pop Smoke,0.823,0.586,6,-6.606,0,0.2,0.114,0,0.193,0.347,125.971,190476,4,after
WITHOUT YOU,The Kid LAROI,0.662,0.413,0,-7.357,1,0.0299,0.213,0,0.134,0.467,93.005,161385,4,after
Blueberry Faygo,Lil Mosey,0.774,0.554,0,-7.909,1,0.0383,0.207,0,0.132,0.349,99.034,162547,4,after
What You Know Bout Love,Pop Smoke,0.709,0.548,10,-8.493,1,0.353,0.65,1.59e-06,0.133,0.543,83.995,160000,4,after
HOLIDAY,Lil Nas X,0.81,0.511,5,-6.924,0,0.164,0.12,0,0.0832,0.837,151.947,154998,4,after
Watermelon Sugar,Harry Styles,0.548,0.816,0,-4.209,1,0.0465,0.122,0,0.335,0.557,95.39,174000,4,after
ROCKSTAR (feat. Roddy Ricch),DaBaby,0.746,0.69,11,-7.956,1,0.164,0.247,0,0.101,0.497,89.977,181733,4,after
Roses - Imanbek Remix,SAINt JHN,0.769,0.719,8,-5.472,1,0.0474,0.0143,0.00777,0.359,0.863,121.955,176867,4,after
Circles,Post Malone,0.695,0.762,0,-3.497,1,0.0395,0.192,0.00244,0.0863,0.553,120.042,215280,4,after
Therefore I Am,Billie Eilish,0.889,0.34,11,-7.773,0,0.0697,0.218,0.13,0.055,0.716,94.009,174321,4,after
willow,Taylor Swift,0.392,0.579,7,-9.195,1,0.164,0.835,0.00179,0.145,0.549,80.961,214707,4,after
Wishing Well,Juice WRLD,0.65,0.613,9,-6.13,0,0.128,0.00336,0,0.267,0.0804,149.972,194621,4,after
Dreams - 2004 Remaster,Fleetwood Mac,0.828,0.492,0,-9.744,1,0.0276,0.0644,0.00428,0.128,0.789,120.151,257800,4,after
The Box,Roddy Ricch,0.896,0.586,10,-6.687,0,0.0559,0.104,0,0.79,0.642,116.971,196653,4,after
Tyler Herro,Jack Harlow,0.792,0.793,5,-6.185,0,0.0841,0.0872,0,0.22,0.775,123.031,156578,4,after
"Whats Poppin (feat. DaBaby, Tory Lanez & Lil Wayne) [Remix] - Bonus Track",Jack Harlow,0.904,0.723,11,-5.224,0,0.26,0.0631,0,0.185,0.835,145.013,227478,4,after
Way Out (feat. Big Sean),Jack Harlow,0.945,0.582,11,-8.357,0,0.0719,0.114,0,0.103,0.907,108.025,168906,4,after
Put Your Records On,Ritt Momney,0.399,0.491,6,-10.778,0,0.0538,0.0563,0.00089,0.11,0.151,91.066,210463,4,after
Come & Go (with Marshmello),Juice WRLD,0.625,0.814,0,-5.181,1,0.0657,0.0172,0,0.158,0.535,144.991,205485,4,after
Say So,Doja Cat,0.787,0.673,11,-4.577,0,0.158,0.256,3.57e-06,0.0904,0.786,110.962,237893,4,after
Sweater Weather,The Neighbourhood,0.612,0.807,10,-2.81,1,0.0336,0.0495,0.0177,0.101,0.398,124.053,240400,4,after
"Sunday Best (Feeling Good, Like I Should)",Surfaces,0.878,0.525,5,-6.832,1,0.0578,0.183,0,0.0714,0.694,112.022,158571,4,after
Dance Monkey,Tones And I,0.825,0.593,6,-6.401,0,0.0988,0.688,0.000161,0.17,0.54,98.078,209755,4,after
Tequila Shots,Kid Cudi,0.712,0.556,5,-7.214,0,0.0531,0.084,5.04e-05,0.527,0.22,90.494,193293,4,after
Hello (feat. A Boogie Wit da Hoodie),Pop Smoke,0.905,0.647,10,-5.065,0,0.107,0.0187,0,0.282,0.367,130.97,190534,4,after
All Girls Are The Same,Juice WRLD,0.671,0.529,0,-7.226,1,0.307,0.0769,0.000335,0.0856,0.203,161.989,165820,4,after
Lucid Dreams,Juice WRLD,0.511,0.566,6,-7.23,0,0.2,0.349,0,0.34,0.218,83.903,239836,4,after
Sunflower - Spider-Man: Into the Spider-Verse,"Post Malone, Swae Lee",0.755,0.522,2,-4.368,1,0.0575,0.533,0,0.0685,0.925,89.96,157560,4,after
Reminds Me Of You,"Juice WRLD, The Kid LAROI",0.613,0.631,4,-6.965,1,0.12,0.0663,0,0.169,0.33,149.992,158033,4,after
Monster (Shawn Mendes & Justin Bieber),Shawn Mendes,0.64,0.392,2,-7.246,0,0.0574,0.0593,0,0.0839,0.502,145.838,178994,4,after
Life Is Good (feat. Drake),Future,0.795,0.574,2,-6.903,0,0.487,0.067,0,0.15,0.537,142.053,237918,4,after
Rain On Me (with Ariana Grande),Lady Gaga,0.672,0.855,9,-3.764,1,0.0397,0.021,0,0.323,0.646,123.056,182200,4,after
Go Crazy,"Chris Brown, Young Thug",0.755,0.578,0,-8.932,0,0.145,0.316,0,0.25,0.581,94.148,176960,4,after
my ex's best friend (with blackbear),Machine Gun Kelly,0.731,0.675,5,-5.134,0,0.0434,0.00473,0,0.141,0.298,124.939,139461,4,after
Dynamite,BTS,0.746,0.765,6,-4.41,0,0.0993,0.0112,0,0.0936,0.737,114.044,199054,4,after
Cry Baby (feat. DaBaby),Megan Thee Stallion,0.957,0.437,11,-7.882,1,0.359,0.00402,0,0.219,0.616,130.058,137984,4,after
Robbery,Juice WRLD,0.685,0.692,2,-5.122,1,0.0457,0.328,0,0.153,0.578,159.966,240051,5,after
Savage Love (Laxed - Siren Beat),"Jawsh 685, Jason Derulo",0.767,0.481,0,-8.52,0,0.0803,0.234,0,0.269,0.761,150.076,171375,4,after
champagne problems,Taylor Swift,0.462,0.24,0,-12.077,1,0.0377,0.92,0,0.113,0.32,171.319,244000,4,after
pov,Ariana Grande,0.487,0.534,0,-5.664,0,0.0555,0.36,0,0.1,0.173,131.798,201882,4,after
Forever After All,Luke Combs,0.487,0.65,0,-5.195,1,0.0253,0.191,0,0.0933,0.456,151.964,232533,4,after
Savage Remix (feat. Beyoncé),Megan Thee Stallion,0.753,0.745,10,-4.776,0,0.334,0.0159,0,0.127,0.635,169.02,242001,4,after
Runnin,"21 Savage, Metro Boomin",0.819,0.626,10,-4.574,0,0.202,0.00748,0.101,0.167,0.415,143.01,195906,4,after
I Wanna Dance with Somebody (Who Loves Me),Whitney Houston,0.709,0.824,1,-8.824,1,0.0453,0.207,0.000307,0.0888,0.867,118.818,291293,4,after
you broke me first,Tate McRae,0.667,0.373,4,-9.389,1,0.05,0.785,0,0.0906,0.0823,124.148,169266,4,after
Heat Waves,Glass Animals,0.761,0.525,11,-6.9,1,0.0944,0.44,6.7e-06,0.0921,0.531,80.87,238805,4,after
Don't Stop Me Now - Remastered 2011,Queen,0.559,0.868,5,-5.276,1,0.17,0.0475,0.000176,0.776,0.609,156.295,209413,4,after
Lonely (with benny blanco),Justin Bieber,0.631,0.239,11,-7.071,0,0.0398,0.864,0,0.116,0.0927,79.859,149297,4,after
Doomsday,"MF DOOM, Pebbles The Invisible Girl",0.856,0.841,6,-7.737,0,0.335,0.0977,0,0.0773,0.794,95.418,298053,4,after
On Me,Lil Baby,0.856,0.564,6,-6.295,0,0.392,0.00327,0,0.134,0.483,77.972,135960,4,after
SO DONE,The Kid LAROI,0.719,0.598,9,-6.254,1,0.077,0.232,0,0.115,0.303,142.592,126521,4,after
Heather,Conan Gray,0.357,0.425,5,-7.301,1,0.0333,0.584,0,0.322,0.27,102.078,198040,3,after
POPSTAR (feat. Drake),DJ Khaled,0.8,0.56,5,-4.818,0,0.261,0.057,0,0.134,0.45,163.071,200221,4,after
bad guy,Billie Eilish,0.701,0.425,7,-10.965,1,0.375,0.328,0.13,0.1,0.562,135.128,194088,4,after
Afterglow,Ed Sheeran,0.641,0.324,11,-5.851,1,0.0299,0.698,0,0.328,0.273,110.184,185487,4,after
I Gotta Feeling,Black Eyed Peas,0.743,0.766,0,-6.375,1,0.0265,0.0873,0,0.509,0.61,127.96,289133,4,after
Prisoner (feat. Dua Lipa),Miley Cyrus,0.781,0.67,3,-3.912,0,0.0452,0.0103,0,0.0761,0.595,127.99,169333,4,after
Mr. Right Now (feat. Drake),"21 Savage, Metro Boomin",0.647,0.667,5,-5.563,1,0.304,0.231,0,0.133,0.704,172.08,193839,4,after
Bang!,AJR,0.74,0.516,1,-6.233,0,0.0507,0.0183,0,0.0558,0.698,139.918,170858,4,after
Don't Start Now,Dua Lipa,0.793,0.793,11,-4.521,0,0.083,0.0123,0,0.0951,0.679,123.95,183290,4,after
I Like It,"Cardi B, Bad Bunny, J Balvin",0.816,0.726,5,-3.998,0,0.129,0.099,0,0.372,0.65,136.048,253390,4,after
PRACTICE,DaBaby,0.849,0.536,1,-7.307,1,0.349,0.0239,0,0.126,0.308,141.964,122587,4,after
Adore You,Harry Styles,0.676,0.771,8,-3.675,1,0.0483,0.0237,7e-06,0.102,0.569,99.048,207133,4,after
Someone You Loved,Lewis Capaldi,0.501,0.405,1,-5.679,1,0.0319,0.751,0,0.105,0.446,109.891,182161,4,after
LA NOCHE DE ANOCHE,"Bad Bunny, ROSALÍA",0.856,0.618,7,-4.892,1,0.286,0.0303,0,0.0866,0.391,81.993,203201,4,after
Martin & Gina,Polo G,0.832,0.534,1,-7.813,0,0.253,0.345,0,0.165,0.116,93.924,132833,4,after
Feel So Close - Radio Edit,Calvin Harris,0.707,0.924,7,-2.842,1,0.031,0.000972,0.00703,0.204,0.919,127.937,206413,4,after
Rapp Snitch Knishes feat. Mr. Fantastik,MF DOOM,0.728,0.832,7,-6.827,1,0.267,0.327,0,0.504,0.825,95.051,172893,4,after
24K Magic,Bruno Mars,0.818,0.803,1,-4.282,1,0.0797,0.034,0,0.153,0.632,106.97,225983,4,after
rockstar (feat. 21 Savage),Post Malone,0.585,0.52,5,-6.136,0,0.0712,0.124,7.01e-05,0.131,0.129,159.801,218147,4,after
Hey Ya!,Outkast,0.727,0.974,4,-2.261,0,0.0664,0.103,0.000532,0.174,0.965,79.526,235213,4,after
Closer,"The Chainsmokers, Halsey",0.748,0.524,8,-5.599,1,0.0338,0.414,0,0.111,0.661,95.01,244960,4,after
hot girl bummer,blackbear,0.782,0.559,6,-7.106,0,0.0767,0.125,0,0.385,0.685,129.992,188344,1,after
Adderall (Corvette Corvette) - Remix,"Popp Hunna, Lil Uzi Vert",0.921,0.718,4,-3.545,0,0.299,0.217,0,0.189,0.677,141.06,176383,4,after
ROXANNE,Arizona Zervas,0.621,0.601,6,-5.616,0,0.148,0.0522,0,0.46,0.457,116.735,163636,5,after
Somebody’s Problem,Morgan Wallen,0.657,0.54,5,-7.675,1,0.0287,0.662,0,0.123,0.625,136.97,161773,4,after
Moonwalking in Calabasas (feat. Blueface) - Remix,DDG,0.928,0.341,11,-10.196,0,0.103,0.0614,0,0.162,0.745,129.966,170233,4,after
Holy (feat. Chance The Rapper),Justin Bieber,0.673,0.704,6,-8.056,1,0.36,0.196,0,0.0898,0.372,86.919,212093,4,after
death bed (coffee for your head),"Powfu, beabadoobee",0.726,0.431,8,-8.765,0,0.135,0.731,0,0.696,0.348,144.026,173333,4,after
goosebumps,Travis Scott,0.841,0.728,7,-3.37,1,0.0484,0.0847,0,0.149,0.43,130.049,243837,4,after
Accordion,"Madvillain, Madlib, MF DOOM",0.578,0.631,9,-6.518,0,0.309,0.0243,0,0.0665,0.716,96.332,118853,4,after
September,"Earth, Wind & Fire",0.684,0.864,9,-4.819,1,0.0312,0.131,0.00526,0.344,0.978,125.395,221520,4,after
WHATS POPPIN,Jack Harlow,0.923,0.604,11,-6.671,0,0.245,0.017,0,0.272,0.826,145.062,139741,4,after
Godzilla (feat. Juice WRLD),Eminem,0.808,0.745,10,-5.26,0,0.342,0.145,0,0.292,0.829,165.995,210800,4,after
Before You Go,Lewis Capaldi,0.459,0.575,3,-4.858,1,0.0573,0.604,0,0.0885,0.183,111.881,215107,4,after
God's Plan,Drake,0.754,0.449,7,-9.211,1,0.109,0.0332,8.29e-05,0.552,0.357,77.169,198973,4,after
Still Trappin' (with King Von),Lil Durk,0.877,0.677,5,-4.969,0,0.356,0.0439,0,0.0986,0.627,144.941,172185,4,after
Hayloft,Mother Mother,0.527,0.922,9,-2.666,0,0.0728,0.00475,0.000162,0.422,0.49,95.975,181680,4,after
Mood Swings (feat. Lil Tjay),Pop Smoke,0.48,0.602,10,-6.335,0,0.368,0.487,0,0.0848,0.269,179.798,213333,4,after
Intentions (feat. Quavo),Justin Bieber,0.806,0.546,9,-6.637,1,0.0575,0.3,0,0.102,0.874,147.986,212867,4,after
All Caps,"Madvillain, Madlib, MF DOOM",0.358,0.889,1,-8.045,1,0.335,0.266,1.46e-05,0.172,0.666,85.61,130480,4,after
BOP,DaBaby,0.769,0.787,11,-3.909,1,0.367,0.189,0,0.129,0.836,126.77,159715,4,after
Ballin' (with Roddy Ricch),Mustard,0.809,0.545,7,-6.678,1,0.0735,0.392,0,0.151,0.244,97.008,180435,4,after
GO (feat. Juice WRLD),The Kid LAROI,0.487,0.74,6,-4.973,1,0.0944,0.157,0,0.612,0.522,73.779,181688,4,after
Sofia,Clairo,0.744,0.619,0,-9.805,1,0.039,0.598,0.00372,0.231,0.641,112.997,188387,4,after
Feel It Still,Portugal. The Man,0.801,0.795,1,-5.115,0,0.0504,0.0417,0.000113,0.0717,0.754,79.028,163253,4,after
More Than My Hometown,Morgan Wallen,0.621,0.882,6,-5.01,1,0.0459,0.601,0,0.132,0.574,126.014,216573,4,after
Daddy Issues,The Neighbourhood,0.588,0.521,10,-9.461,1,0.0329,0.0678,0.149,0.123,0.337,85.012,260173,4,after
BICHOTA,KAROL G,0.863,0.666,1,-4.158,0,0.152,0.212,0.000493,0.103,0.838,163.908,178947,4,after
7 Summers,Morgan Wallen,0.457,0.774,0,-5.201,1,0.0336,0.428,4.29e-05,0.119,0.59,203.863,210123,4,after
Dior,Pop Smoke,0.548,0.805,7,-5.732,1,0.351,0.212,0.000389,0.408,0.648,142.094,216387,4,after
Show Out (with Skepta & Pop Smoke),Kid Cudi,0.619,0.589,1,-6.531,1,0.124,0.43,0.000392,0.378,0.158,143.896,174960,4,after
Can't Hold Us - feat. Ray Dalton,Macklemore & Ryan Lewis,0.641,0.922,2,-4.457,1,0.0786,0.0291,0,0.0862,0.847,146.078,258343,4,after
Jocelyn Flores,XXXTENTACION,0.872,0.391,0,-9.144,0,0.242,0.469,4.13e-06,0.297,0.437,134.021,119133,4,after
Took Her To The O,King Von,0.82,0.592,1,-7.002,1,0.29,0.0149,4.71e-06,0.121,0.4,159.98,196180,4,after
Drankin N Smokin,"Future, Lil Uzi Vert",0.752,0.658,0,-6.297,1,0.342,0.0421,0,0.0927,0.387,151.951,213520,4,after
Wonder,Shawn Mendes,0.442,0.631,1,-5.096,0,0.05,0.136,2.29e-05,0.133,0.129,139.774,172693,4,after
Dead Man Walking,Brent Faiyaz,0.505,0.267,9,-13.763,0,0.05,0.279,0,0.096,0.439,143.929,247080,4,after
Toosie Slide,Drake,0.83,0.49,1,-8.82,0,0.209,0.289,3.04e-06,0.113,0.845,81.604,247059,4,after
Daisy,Ashnikko,0.834,0.663,8,-6.143,1,0.133,0.235,0,0.372,0.774,121.876,146523,4,after
Slay3r,Playboi Carti,0.885,0.661,4,-5.062,0,0.141,0.165,0,0.334,0.436,140.028,164591,4,after
After Party,Don Toliver,0.629,0.692,5,-8.045,1,0.0376,0.00981,0.331,0.603,0.453,162.948,167916,4,after
Kacey Talk,YoungBoy Never Broke Again,0.877,0.607,10,-7.818,0,0.15,0.535,0,0.138,0.773,127.055,151249,4,after
Bandit (with YoungBoy Never Broke Again),Juice WRLD,0.474,0.631,5,-5.884,0,0.343,0.0687,0,0.132,0.425,180.051,189323,4,after
HIGHEST IN THE ROOM,Travis Scott,0.598,0.427,7,-8.764,0,0.0317,0.0546,5.83e-06,0.21,0.0605,76.469,175721,4,after
No Role Modelz,J. Cole,0.692,0.521,10,-8.465,0,0.33,0.301,0,0.0565,0.463,100.45,292987,4,after
"no body, no crime (feat. HAIM)",Taylor Swift,0.547,0.613,7,-7.577,0,0.0264,0.431,0,0.102,0.528,79.011,215627,4,after
‘tis the damn season,Taylor Swift,0.575,0.435,5,-8.193,1,0.0311,0.737,5.38e-05,0.105,0.351,145.91,229840,4,after
Righteous,Juice WRLD,0.706,0.625,0,-7.426,1,0.0314,0.0417,0,0.129,0.225,142.948,242181,4,after
E-GIRLS ARE RUINING MY LIFE!,"CORPSE, Savage Ga$p",0.614,0.937,1,-7.443,1,0.115,0.00161,0.00136,0.103,0.386,84.98,105176,4,after
Pumped Up Kicks,Foster The People,0.733,0.71,5,-5.849,0,0.0292,0.145,0.115,0.0956,0.965,127.975,239600,4,after
gold rush,Taylor Swift,0.512,0.462,9,-10.491,1,0.0408,0.83,0.166,0.121,0.353,112.05,185320,4,after
We Paid (feat. 42 Dugg),Lil Baby,0.926,0.542,1,-5.064,1,0.293,0.135,0,0.0877,0.564,135.14,181929,4,after
Good as Hell (feat. Ariana Grande),Lizzo,0.668,0.892,5,-3.001,0,0.0645,0.298,0,0.735,0.478,95.927,159011,4,after
Whiskey Glasses,Morgan Wallen,0.614,0.68,6,-4.58,1,0.0289,0.369,1.84e-06,0.115,0.707,149.959,234347,4,after
SICKO MODE,Travis Scott,0.834,0.73,8,-3.714,1,0.222,0.00513,0,0.124,0.446,155.008,312820,4,after
You Make My Dreams (Come True),Daryl Hall & John Oates,0.751,0.501,5,-12.151,1,0.0551,0.234,0.112,0.0467,0.902,167.057,190627,4,after
Paper Planes,M.I.A.,0.447,0.848,2,-6.175,1,0.222,0.033,7.45e-05,0.722,0.485,172.247,203760,4,after
If the World Was Ending - feat. Julia Michaels,JP Saxe,0.464,0.473,1,-10.086,1,0.129,0.866,0,0.109,0.604,75.801,208687,4,after
Hawái - Remix,"Maluma, The Weeknd",0.766,0.788,6,-3.128,0,0.312,0.105,5.81e-06,0.142,0.609,179.984,200482,4,after
Kings & Queens,Ava Max,0.637,0.69,1,-4.057,0,0.0405,0.00786,0,0.124,0.457,129.857,162399,4,after
THE SCOTTS,"THE SCOTTS, Travis Scott, Kid Cudi",0.716,0.537,0,-7.648,0,0.0514,0.233,0,0.157,0.28,129.979,165978,4,after
SLOW DANCING IN THE DARK,Joji,0.515,0.479,3,-7.458,1,0.0261,0.544,0.00598,0.191,0.284,88.964,209274,4,after
Party Girl,StaySolidRocky,0.73,0.439,6,-9.864,0,0.0609,0.747,0,0.0988,0.615,130.09,147800,4,after
TE MUDASTE,Bad Bunny,0.811,0.637,10,-4.835,0,0.0591,0.234,0.000572,0.118,0.471,92.025,130014,4,after
Ain't No Mountain High Enough,"Marvin Gaye, Tammi Terrell",0.663,0.6,7,-10.87,1,0.032,0.43,0,0.184,0.8,129.991,151667,4,after
Electric Love,BØRNS,0.611,0.797,6,-7.627,0,0.0533,0.00543,0.00137,0.26,0.518,120.041,218107,4,after
The Woo (feat. 50 Cent & Roddy Ricch),Pop Smoke,0.49,0.618,1,-5.655,1,0.104,0.0221,3.77e-06,0.259,0.286,99.7,201600,4,after
Falling,Trevor Daniel,0.784,0.43,10,-8.756,0,0.0364,0.123,0,0.0887,0.236,127.087,159382,4,after
Snowman,Sia,0.716,0.512,1,-6.257,1,0.0331,0.483,0,0.0928,0.326,104.957,165907,3,after
Girls in the Hood,Megan Thee Stallion,0.821,0.816,6,-3.835,1,0.352,0.00711,0,0.0645,0.797,179.974,154389,4,after
Be Like That - feat. Swae Lee & Khalid,Kane Brown,0.727,0.626,7,-8.415,1,0.0726,0.0469,2.58e-05,0.126,0.322,86.97,191406,4,after
Shape of You,Ed Sheeran,0.825,0.652,1,-3.183,0,0.0802,0.581,0,0.0931,0.931,95.977,233713,4,after
TiK ToK,Kesha,0.755,0.837,2,-2.718,0,0.142,0.0991,0,0.289,0.714,120.028,199693,4,after
The Middle,"Zedd, Maren Morris, Grey",0.753,0.657,7,-3.061,1,0.0449,0.171,0,0.112,0.437,107.01,184732,4,after
Mr. Brightside,The Killers,0.352,0.911,1,-5.23,1,0.0747,0.00121,0,0.0995,0.236,148.033,222973,4,after
20 Min,Lil Uzi Vert,0.773,0.75,8,-4.009,0,0.117,0.109,0,0.174,0.783,123.426,220587,4,after
High Fashion (feat. Mustard),Roddy Ricch,0.831,0.499,11,-8.442,0,0.114,0.269,0,0.3,0.511,97.956,220487,4,after
Hate The Other Side (with Marshmello & The Kid Laroi),"Juice WRLD, Polo G",0.701,0.65,6,-6.313,1,0.104,0.291,0,0.112,0.647,90.003,160212,4,after
Wake Me Up,Avicii,0.532,0.783,2,-5.697,1,0.0523,0.0038,0.0012,0.161,0.643,124.08,247427,4,after
Potential Breakup Song,Aly & AJ,0.554,0.899,6,-4.149,0,0.0385,0.000469,0.000365,0.0867,0.556,157.995,218333,4,after
Starting Over,Chris Stapleton,0.638,0.538,10,-8.445,1,0.0315,0.452,0.000415,0.0695,0.318,89.124,240413,4,after
Golden,Harry Styles,0.448,0.838,4,-5.257,0,0.0557,0.21,0.000131,0.131,0.254,139.863,208907,4,after
Head & Heart (feat. MNEK),Joel Corry,0.734,0.874,8,-3.158,1,0.0662,0.168,1.14e-05,0.0489,0.905,122.953,166028,4,after
XO Tour Llif3,Lil Uzi Vert,0.732,0.75,11,-6.366,0,0.231,0.00264,0,0.109,0.401,155.096,182707,4,after
Drip Too Hard (Lil Baby & Gunna),Lil Baby,0.897,0.662,1,-6.903,0,0.292,0.0852,0,0.534,0.389,112.511,145543,4,after
Spicy (feat. Post Malone),Ty Dolla $ign,0.782,0.51,4,-5.724,0,0.0419,0.143,0,0.115,0.118,99.993,143375,4,after
Stayin Alive,Bee Gees,0.702,0.773,10,-9.256,0,0.0343,0.0288,0.00871,0.147,0.953,103.564,285373,4,after
21,Polo G,0.783,0.479,7,-10.646,1,0.541,0.149,0,0.101,0.533,176.027,163798,4,after
Goosebumps,HVME,0.767,0.659,1,-7.429,1,0.0444,0.325,0,0.13,0.439,124.946,163208,4,after
Are You Bored Yet? (feat. Clairo),Wallows,0.682,0.683,8,-6.444,0,0.0287,0.156,2.32e-05,0.273,0.64,120.023,178000,4,after
Happier,"Marshmello, Bastille",0.687,0.792,5,-2.749,1,0.0452,0.191,0,0.167,0.671,100.015,214290,4,after
One Dance,"Drake, WizKid, Kyla",0.792,0.625,1,-5.609,1,0.0536,0.00776,0.0018,0.329,0.37,103.967,173987,4,after
Smile (with The Weeknd),Juice WRLD,0.694,0.685,6,-6.535,0,0.133,0.224,0,0.124,0.306,158.831,196180,4,after
DOLLAZ ON MY HEAD (feat. Young Thug),Gunna,0.825,0.458,0,-7.47,1,0.0577,0.114,0,0.102,0.161,145.115,197760,4,after
SAD!,XXXTENTACION,0.74,0.613,8,-4.88,1,0.145,0.258,0.00372,0.123,0.473,75.023,166606,4,after
I Don't Care (with Justin Bieber),Ed Sheeran,0.798,0.676,6,-5.041,1,0.0442,0.0902,0,0.0894,0.843,101.956,219947,4,after
MIDDLE CHILD,J. Cole,0.837,0.364,8,-11.713,1,0.276,0.149,0,0.271,0.463,123.984,213594,4,after
Don't Stop Believin',Journey,0.5,0.748,4,-9.072,1,0.0363,0.127,0,0.447,0.514,118.852,250987,4,after
The Less I Know The Better,Tame Impala,0.64,0.74,4,-4.083,1,0.0284,0.0115,0.00678,0.167,0.785,116.879,216320,4,after
Wow.,Post Malone,0.829,0.539,11,-7.359,0,0.208,0.136,1.78e-06,0.103,0.388,99.96,149547,4,after
Chasin' You,Morgan Wallen,0.631,0.591,7,-5.785,1,0.0277,0.657,0,0.11,0.489,97.074,205453,4,after
Errbody,Lil Baby,0.887,0.606,2,-6.572,1,0.324,0.000407,0,0.151,0.272,139.995,210699,4,after
Star Shopping,Lil Peep,0.585,0.471,4,-9.934,0,0.0616,0.0967,0.0184,0.115,0.323,93.099,142000,4,after
Walk Em Down (feat. Roddy Ricch),NLE Choppa,0.867,0.744,2,-5.171,1,0.227,0.268,0,0.0713,0.645,84.005,173288,4,after
Vamp Anthem,Playboi Carti,0.642,0.69,11,-5.101,1,0.261,0.00599,1.3e-06,0.322,0.641,164.075,124094,4,after
PTSD,"G Herbo, Juice WRLD, Lil Uzi Vert, Chance the Rapper",0.883,0.808,1,-3.158,0,0.183,0.0317,0,0.207,0.805,119.012,232065,4,after
Rhymes Like Dimes,"MF DOOM, DJ Cucumber Slice",0.644,0.751,0,-5.652,1,0.268,0.662,0,0.17,0.759,99.948,258613,4,after
All The Stars (with SZA),Kendrick Lamar,0.698,0.633,8,-4.946,1,0.0597,0.0605,0.000194,0.0926,0.552,96.924,232187,4,after
Train Wreck,James Arthur,0.311,0.485,6,-5.726,0,0.0365,0.701,0,0.0726,0.225,77.355,208827,4,after
505,Arctic Monkeys,0.52,0.852,0,-5.866,1,0.0543,0.00237,5.79e-05,0.0733,0.234,140.267,253587,4,after
Truth Hurts,Lizzo,0.715,0.624,4,-3.046,0,0.114,0.11,0,0.123,0.412,158.087,173325,4,after
Armed And Dangerous,Juice WRLD,0.736,0.67,10,-6.702,1,0.311,0.186,0,0.114,0.845,130.032,169999,4,after
Hit Different,"SZA, The Neptunes, Pharrell Williams, Ty Dolla $ign",0.679,0.516,0,-6.371,0,0.0452,0.199,0,0.0965,0.716,120.074,202008,4,after
Everybody Dies In Their Nightmares,XXXTENTACION,0.734,0.57,7,-7.066,0,0.133,0.847,2.14e-05,0.112,0.689,129.953,95467,4,after
Promiscuous,"Nelly Furtado, Timbaland",0.808,0.97,10,-6.098,0,0.0506,0.0569,6.13e-05,0.154,0.868,114.328,242293,4,after
7 rings,Ariana Grande,0.778,0.317,1,-10.732,0,0.334,0.592,0,0.0881,0.327,140.048,178627,4,after
tolerate it,Taylor Swift,0.316,0.361,9,-10.381,1,0.0488,0.878,2.67e-05,0.0797,0.221,74.952,245440,5,after
lovely (with Khalid),Billie Eilish,0.351,0.296,4,-10.109,0,0.0333,0.934,0,0.095,0.12,115.284,200186,4,after
Why'd You Only Call Me When You're High?,Arctic Monkeys,0.691,0.631,2,-6.478,1,0.0368,0.0483,1.13e-05,0.104,0.8,92.004,161124,4,after
Line Without a Hook,Ricky Montgomery,0.432,0.652,8,-4.969,1,0.0285,0.262,0,0.258,0.507,190.028,249587,3,after
Falling,Harry Styles,0.567,0.267,4,-6.502,1,0.0299,0.839,1.46e-06,0.089,0.0592,110.011,240133,4,after
Better Together,Luke Combs,0.552,0.225,0,-11.501,1,0.0477,0.827,0,0.111,0.67,138.002,219573,4,after
Beautiful Crazy,Luke Combs,0.551,0.402,11,-7.431,1,0.0262,0.676,0,0.0928,0.382,103.313,193200,4,after
ivy,Taylor Swift,0.515,0.545,2,-9.277,1,0.0353,0.855,1.97e-05,0.0921,0.535,88.856,260440,4,after
Fuck Love (feat. Trippie Redd),XXXTENTACION,0.797,0.533,0,-9.74,0,0.0412,0.0172,0.000152,0.103,0.329,131.036,146520,4,after
Mr Loverman,Ricky Montgomery,0.639,0.526,0,-6.697,1,0.0256,0.245,2.43e-05,0.25,0.488,130.033,216880,3,after
July,Noah Cyrus,0.708,0.186,9,-8.953,0,0.042,0.868,0,0.0779,0.322,72.541,156106,4,after
happiness,Taylor Swift,0.559,0.334,11,-10.733,1,0.0376,0.87,0,0.114,0.211,122.079,315147,4,after
Wolves (feat. Post Malone),Big Sean,0.724,0.675,2,-5.267,1,0.0867,0.0978,9.41e-06,0.351,0.325,160.048,199758,4,after
Tongue Tied,Grouplove,0.56,0.936,3,-5.835,1,0.0439,0.00847,0,0.161,0.371,112.96,218013,4,after
Face Of My City (feat. Lil Baby),Jack Harlow,0.74,0.566,1,-8.389,0,0.32,0.0034,0,0.589,0.342,156.197,123447,4,after
long story short,Taylor Swift,0.546,0.732,0,-7.715,1,0.0423,0.674,0.184,0.0972,0.571,157.893,215920,4,after
everything i wanted,Billie Eilish,0.704,0.225,6,-14.454,0,0.0994,0.902,0.657,0.106,0.243,120.006,245426,4,after
Maniac,Conan Gray,0.628,0.639,8,-5.46,1,0.0435,0.00162,0,0.354,0.493,108.045,185773,4,after
cardigan,Taylor Swift,0.613,0.581,0,-8.588,0,0.0424,0.537,0.000345,0.25,0.551,130.033,239560,4,after
I Fall Apart,Post Malone,0.556,0.538,8,-5.408,0,0.0382,0.0689,0,0.196,0.291,143.95,223347,4,after
"10,000 Hours (with Justin Bieber)",Dan + Shay,0.654,0.63,10,-4.644,1,0.0259,0.153,0,0.111,0.43,89.991,167693,4,after
Tennessee Whiskey,Chris Stapleton,0.392,0.37,9,-10.888,1,0.0298,0.205,0.0096,0.0821,0.512,48.718,293293,4,after
Chicago Freestyle (feat. Giveon),Drake,0.735,0.449,10,-7.507,1,0.347,0.629,0,0.113,0.0397,122.947,220488,4,after
Lean Wit Me,Juice WRLD,0.665,0.651,1,-5.515,1,0.156,0.0414,0,0.0896,0.237,163.935,175755,4,after
I Hope,Gabby Barrett,0.466,0.536,6,-6.227,1,0.0429,0.0951,0,0.114,0.377,75.998,210773,4,after
Say You Won't Let Go,James Arthur,0.358,0.557,10,-7.398,1,0.059,0.695,0,0.0902,0.494,85.043,211467,4,after
Your New Boyfriend,Wilbur Soot,0.546,0.453,7,-13.04,1,0.121,0.382,3.9e-05,0.106,0.74,104.532,239667,4,after
Still Goin Down,Morgan Wallen,0.58,0.751,7,-5.078,1,0.0267,0.49,0,0.277,0.718,148.108,186293,4,after
Blastoff (feat. Juice Wrld & Trippie Redd),Internet Money,0.761,0.517,5,-6.916,1,0.0927,0.114,0,0.157,0.46,147.912,174730,4,after
Take You Dancing,Jason Derulo,0.789,0.711,2,-4.248,1,0.041,0.0332,0,0.0876,0.753,112.985,190306,4,after
Empty,Juice WRLD,0.745,0.561,0,-4.869,1,0.0807,0.0758,0,0.133,0.449,77.557,248431,4,after
No Guidance (feat. Drake),Chris Brown,0.696,0.454,1,-6.756,0,0.153,0.123,0,0.155,0.136,92.928,260640,4,after
Moonlight,XXXTENTACION,0.921,0.537,9,-5.723,0,0.0804,0.556,0.00404,0.102,0.711,128.009,135090,4,after
Flex (feat. Juice WRLD),Polo G,0.752,0.673,10,-5.792,0,0.153,0.0538,0,0.133,0.35,164.009,163902,4,after
Paradise (feat. Dermot Kennedy),MEDUZA,0.632,0.595,8,-7.644,0,0.0401,0.0689,0,0.209,0.435,124.114,167903,4,after
Just the Two of Us (feat. Bill Withers),"Grover Washington, Jr.",0.802,0.488,1,-9.304,1,0.0813,0.572,0.0598,0.0763,0.624,95.77,237106,4,after
Chanel,Frank Ocean,0.776,0.503,0,-5.732,0,0.237,0.874,0,0.112,0.473,110.134,210285,4,after
Money Trees,"Kendrick Lamar, Jay Rock",0.716,0.531,7,-7.355,1,0.122,0.0703,0,0.224,0.344,71.994,386907,4,after
when the party's over,Billie Eilish,0.367,0.111,4,-14.084,1,0.0972,0.978,3.97e-05,0.0897,0.198,82.642,196077,4,after
ALWAYS DO,The Kid LAROI,0.762,0.426,8,-6.865,1,0.113,0.0442,0,0.0858,0.582,167.827,151705,4,after
coney island (feat. The National),Taylor Swift,0.529,0.536,8,-11.269,1,0.0627,0.826,0.00082,0.141,0.304,107.873,275320,4,after
evermore (feat. Bon Iver),Taylor Swift,0.395,0.27,1,-10.672,1,0.0309,0.937,0.00249,0.111,0.314,120.94,304107,5,after
dorothea,Taylor Swift,0.607,0.488,4,-8.329,1,0.0264,0.694,0,0.129,0.361,119.953,225880,4,after
cowboy like me,Taylor Swift,0.604,0.517,0,-9.014,1,0.0347,0.768,0.000155,0.123,0.511,127.967,275040,4,after
Angels Like You,Miley Cyrus,0.672,0.642,5,-4.035,1,0.0313,0.0981,0,0.1,0.494,121.981,196453,4,after
exile (feat. Bon Iver),Taylor Swift,0.298,0.38,6,-8.426,1,0.0287,0.778,5.62e-05,0.11,0.152,75.602,285634,4,after
Livin’ The Dream,Morgan Wallen,0.621,0.754,7,-5.904,0,0.0269,0.575,0.00484,0.213,0.441,127.036,239120,4,after
Midnight Sky,Miley Cyrus,0.699,0.805,4,-5.535,0,0.0345,0.00161,0.00177,0.249,0.232,109.976,223280,4,after
Plastic Hearts,Miley Cyrus,0.551,0.756,2,-4.948,1,0.0652,0.0511,0,0.0765,0.618,175.984,205733,4,after
Cover Me Up,Morgan Wallen,0.525,0.437,2,-8.285,1,0.0272,0.236,7.03e-06,0.121,0.195,127.994,292663,3,after
Love Galore (feat. Travis Scott),SZA,0.795,0.594,0,-6.2,1,0.0748,0.112,0,0.162,0.409,135.002,275080,4,after
24 (feat. Lil Baby),Money Man,0.868,0.638,2,-7.746,1,0.0736,0.146,0.0565,0.0931,0.459,126.03,182857,4,after
Onna Come Up,Lil Eazzyy,0.796,0.426,1,-13.207,1,0.285,0.356,2.73e-05,0.0941,0.649,150.043,128014,4,after
GIRL LIKE ME,"Black Eyed Peas, Shakira",0.964,0.486,2,-8.891,1,0.188,0.0194,0.04,0.0694,0.318,124.058,220659,4,after
Save Your Tears,The Weeknd,0.68,0.826,0,-5.487,1,0.0309,0.0212,1.24e-05,0.543,0.644,118.051,215627,4,after
Wasted On You,Morgan Wallen,0.505,0.657,11,-5.24,0,0.0318,0.373,0.00107,0.126,0.252,196.0,178520,3,after
Somebody’s Problem,Morgan Wallen,0.658,0.538,5,-7.676,1,0.0289,0.657,0,0.123,0.62,136.967,161773,4,after
Sand In My Boots,Morgan Wallen,0.403,0.537,3,-6.628,1,0.031,0.59,0,0.112,0.414,69.877,202133,4,after
drivers license,Olivia Rodrigo,0.585,0.436,10,-8.761,1,0.0601,0.721,1.31e-05,0.105,0.132,143.874,242014,4,after
865,Morgan Wallen,0.532,0.584,8,-5.254,1,0.0248,0.723,0,0.101,0.367,88.003,190680,4,after
Warning,Morgan Wallen,0.633,0.664,10,-5.037,1,0.0294,0.46,0,0.108,0.268,115.058,156747,4,after
More Surprised Than Me,Morgan Wallen,0.516,0.748,6,-6.049,1,0.0289,0.241,0,0.123,0.433,85.004,157440,4,after
Neon Eyes,Morgan Wallen,0.576,0.843,11,-5.26,0,0.029,0.0214,8.04e-05,0.157,0.628,126.009,226147,4,after
Best Friend (feat. Doja Cat),Saweetie,0.84,0.766,4,-4.12,1,0.136,0.00302,3.61e-06,0.0684,0.402,94.018,155884,4,after
7 Summers,Morgan Wallen,0.467,0.793,0,-5.125,1,0.0329,0.411,5.87e-05,0.125,0.574,203.926,210507,4,after
More Than My Hometown,Morgan Wallen,0.62,0.869,6,-5.479,1,0.0462,0.615,0,0.131,0.597,126.019,216573,4,after
Outlaw (feat. Ben Burgess),Morgan Wallen,0.505,0.63,7,-5.758,1,0.0274,0.572,0,0.121,0.247,85.036,229747,4,after
Dangerous,Morgan Wallen,0.636,0.779,7,-4.794,1,0.0273,0.207,0,0.273,0.956,119.015,147893,4,after
Whiskey’d My Way,Morgan Wallen,0.449,0.518,2,-6.37,1,0.0271,0.599,0.00249,0.0984,0.314,185.879,180787,3,after
Cover Me Up,Morgan Wallen,0.549,0.44,7,-8.192,1,0.0264,0.232,7.37e-06,0.107,0.214,128.01,293707,3,after
Still Goin Down,Morgan Wallen,0.58,0.753,7,-5.08,1,0.0267,0.488,0,0.277,0.718,148.122,186293,4,after
Wonderin’ Bout The Wind,Morgan Wallen,0.481,0.715,6,-5.626,1,0.0334,0.244,0,0.133,0.395,90.966,182227,4,after
Only Thing That’s Gone (feat. Chris Stapleton),Morgan Wallen,0.5,0.803,2,-4.591,1,0.032,0.11,2.12e-05,0.296,0.451,150.058,196707,4,after
Your Bartender,Morgan Wallen,0.555,0.771,4,-5.237,1,0.0282,0.247,7.26e-05,0.149,0.442,139.971,185093,4,after
Livin’ The Dream,Morgan Wallen,0.621,0.753,7,-5.904,0,0.0271,0.581,0.00605,0.215,0.438,127.035,239120,4,after
Beer Don’t,Morgan Wallen,0.59,0.855,6,-4.562,1,0.0358,0.0651,0,0.11,0.766,140.008,196080,4,after
This Bar,Morgan Wallen,0.553,0.884,2,-5.306,1,0.0771,0.0921,0.00033,0.0463,0.248,110.074,185280,4,after
"Rednecks, Red Letters, Red Dirt",Morgan Wallen,0.554,0.75,6,-4.301,1,0.0249,0.166,1.8e-06,0.122,0.63,140.044,185133,4,after
Blame It On Me,Morgan Wallen,0.63,0.836,7,-4.591,1,0.0438,0.541,0,0.312,0.818,92.98,162667,4,after
Me On Whiskey,Morgan Wallen,0.569,0.654,11,-4.569,1,0.0263,0.448,0,0.0777,0.707,142.038,210373,4,after
Somethin’ Country,Morgan Wallen,0.6,0.942,2,-4.441,1,0.0402,0.169,0,0.29,0.741,145.981,172627,4,after
Country A$$ Shit,Morgan Wallen,0.619,0.927,10,-3.765,1,0.0346,0.0192,0,0.138,0.928,137.975,186187,4,after
Vibez,ZAYN,0.635,0.659,7,-7.499,1,0.116,0.242,0.0285,0.105,0.34,96.855,163127,4,after
Silverado For Sale,Morgan Wallen,0.591,0.778,0,-5.927,1,0.0292,0.165,0,0.115,0.386,137.956,224920,4,after
Whatcha Think Of Country Now,Morgan Wallen,0.523,0.966,9,-4.356,1,0.0355,0.0226,0,0.322,0.885,145.018,182427,4,after
Quittin’ Time,Morgan Wallen,0.409,0.626,5,-8.492,1,0.0352,0.464,1.9e-06,0.186,0.448,83.904,224547,4,after
it’s time to go - bonus track,Taylor Swift,0.592,0.41,0,-12.426,1,0.0397,0.801,1.39e-05,0.09,0.416,151.923,254640,4,after
Need A Boat,Morgan Wallen,0.54,0.897,9,-6.285,1,0.0333,0.0998,0,0.267,0.963,160.027,185867,4,after
Heartless - Wallen Album Mix,Morgan Wallen,0.61,0.641,11,-4.423,1,0.0289,0.662,0,0.17,0.494,111.001,169613,4,after
right where you left me - bonus track,Taylor Swift,0.581,0.619,10,-6.524,1,0.0282,0.769,0.000106,0.117,0.645,137.915,245027,4,after
UGLY (feat. Lil Baby),Russ,0.713,0.663,1,-5.113,1,0.149,0.0641,0,0.324,0.787,104.99,194286,4,after
Buss It,Erica Banks,0.956,0.502,9,-5.995,1,0.213,0.0593,0,0.238,0.795,110.003,187000,4,after
Girl Like Me (feat. H.E.R.),Jazmine Sullivan,0.5,0.638,6,-4.007,0,0.0756,0.66,0,0.366,0.698,81.145,224880,4,after
Streets,Doja Cat,0.749,0.463,11,-8.433,1,0.0828,0.208,0.0371,0.337,0.19,90.028,226987,4,after
Talk About Love (feat. Young Thug),Zara Larsson,0.562,0.623,11,-6.151,1,0.16,0.0597,0,0.472,0.712,151.825,199467,4,after
7 Summers,Morgan Wallen,0.466,0.786,0,-5.13,1,0.0328,0.417,6.1e-05,0.125,0.571,203.903,210507,4,after
Still Goin Down,Morgan Wallen,0.58,0.752,7,-5.078,1,0.0267,0.49,0,0.277,0.72,148.108,186293,4,after
Dangerous,Morgan Wallen,0.635,0.772,7,-4.825,1,0.0279,0.216,0,0.285,0.948,119.017,147893,4,after
Whiskey’d My Way,Morgan Wallen,0.443,0.518,2,-6.373,1,0.0266,0.603,0.00225,0.0984,0.323,185.764,180787,3,after
"Rednecks, Red Letters, Red Dirt",Morgan Wallen,0.554,0.752,6,-4.286,1,0.0249,0.16,1.4e-06,0.122,0.616,140.042,185133,4,after
Me On Whiskey,Morgan Wallen,0.57,0.657,11,-4.571,1,0.0262,0.431,0,0.0777,0.721,142.031,210373,4,after
Quittin’ Time,Morgan Wallen,0.418,0.628,5,-8.493,1,0.0354,0.461,1.99e-06,0.186,0.462,83.926,224547,4,after
Whatcha Think Of Country Now,Morgan Wallen,0.523,0.966,9,-4.356,1,0.0355,0.0215,0,0.322,0.884,145.016,182427,4,after
Need A Boat,Morgan Wallen,0.54,0.896,9,-6.286,1,0.0333,0.0998,0,0.267,0.963,160.034,185867,4,after
"All I Want - From ""High School Musical: The Musical: The Series""",Olivia Rodrigo,0.376,0.43,0,-6.585,0,0.0328,0.0902,0,0.0912,0.129,77.599,177323,3,after
Back In Blood (feat. Lil Durk),Pooh Shiesty,0.759,0.538,8,-8.256,0,0.384,0.151,0,0.126,0.831,146.933,184490,4,after
Remember That Night?,Sara Kays,0.679,0.61,7,-10.936,0,0.0305,0.585,9.51e-05,0.156,0.554,123.978,227186,4,after
I Should Probably Go To Bed,Dan + Shay,0.721,0.277,1,-7.128,1,0.0365,0.634,0,0.112,0.309,131.935,171827,4,after
Pretty Heart,Parker McCollum,0.562,0.683,7,-4.427,1,0.0296,0.00531,0,0.107,0.385,132.003,244798,4,after
Drew Barrymore,SZA,0.577,0.523,0,-5.538,0,0.0429,0.491,0,0.147,0.29,134.93,231400,4,after
oops!,Yung Gravy,0.886,0.743,6,-6.797,0,0.0812,0.0358,0.000198,0.0511,0.941,131.902,139760,4,after
Chemtrails Over The Country Club,Lana Del Rey,0.334,0.276,4,-13.125,0,0.0643,0.877,0.000249,0.113,0.429,201.025,271177,3,after
Wellerman,The Longest Johns,0.821,0.44,3,-7.378,1,0.271,0.696,0,0.225,0.822,96.563,138507,4,after
Can You Feel My Heart,Bring Me The Horizon,0.15,0.859,4,-2.827,0,0.0595,0.00201,0.194,0.387,0.354,170.527,228147,5,after
"34+35 Remix (feat. Doja Cat, Megan Thee Stallion) - Remix",Ariana Grande,0.88,0.662,0,-5.766,1,0.304,0.205,0,0.227,0.726,109.988,182438,4,after
Bad Boy (with Young Thug),Juice WRLD,0.697,0.674,1,-6.326,1,0.0533,0.00215,0,0.138,0.198,81.535,157355,4,after
Lie Lie Lie,Joshua Bassett,0.617,0.835,7,-3.573,1,0.0923,0.00503,0,0.0793,0.835,101.005,176692,4,after
De Una Vez,Selena Gomez,0.666,0.452,11,-7.096,0,0.265,0.211,0.000992,0.186,0.0398,163.694,155956,4,after
Vibez,ZAYN,0.643,0.671,7,-7.45,1,0.0842,0.241,0.0178,0.12,0.297,96.924,163347,4,after
Masterpiece,DaBaby,0.781,0.726,0,-4.213,1,0.0836,0.0299,0,0.093,0.436,139.988,181714,4,after
Daisy,Ashnikko,0.834,0.663,8,-6.143,1,0.133,0.235,0,0.372,0.774,121.876,146523,4,after
Goosebumps - Remix,"Travis Scott, HVME",0.841,0.593,1,-7.846,1,0.0379,0.418,0,0.124,0.808,124.917,162803,4,after
this is how you fall in love,"Jeremy Zucker, Chelsea Cutler",0.52,0.204,7,-12.488,1,0.0355,0.733,2.53e-05,0.126,0.274,79.682,174587,4,after
Connexion,ZAYN,0.619,0.375,2,-10.06,0,0.0886,0.59,0,0.108,0.574,171.797,196493,4,after
Adderall (Corvette Corvette) - Remix,"Popp Hunna, Lil Uzi Vert",0.921,0.718,4,-3.545,0,0.299,0.217,0,0.189,0.677,141.06,176383,4,after
Better,ZAYN,0.696,0.409,2,-7.135,1,0.235,0.354,0,0.132,0.0962,84.652,174520,4,after
The Business,Tiësto,0.798,0.62,8,-7.079,0,0.232,0.414,0.0192,0.112,0.235,120.031,164000,4,after
You’re Mines Still (feat. Drake),Yung Bleu,0.575,0.609,5,-4.88,0,0.121,0.317,0,0.105,0.339,83.004,226220,4,after
"Dear Maria, Count Me In",All Time Low,0.459,0.895,2,-3.126,1,0.0805,0.00725,0,0.206,0.572,181.04,182827,4,after
Hope,XXXTENTACION,0.592,0.457,9,-6.081,0,0.0603,0.661,0.000331,0.146,0.225,146.04,110886,4,after
forget me too (feat. Halsey),Machine Gun Kelly,0.654,0.875,1,-4.845,1,0.0744,0.000417,0.0086,0.194,0.522,99.975,171621,4,after
I Am (feat. Flo Milli),Yung Baby Tate,0.932,0.835,1,-3.905,1,0.156,0.105,0,0.0847,0.926,144.02,182465,4,after
SO DONE,The Kid LAROI,0.719,0.598,9,-6.254,1,0.077,0.232,0,0.115,0.303,142.592,126521,4,after
Sky,Playboi Carti,0.785,0.903,2,-4.184,1,0.21,0.258,0,0.169,0.565,139.98,193234,4,after
I Am (feat. Flo Milli),"Yung Baby Tate, Slade Da Monsta",0.929,0.837,1,-3.935,1,0.146,0.0883,0,0.0659,0.92,144.016,182465,4,after
bloody valentine,Machine Gun Kelly,0.533,0.858,2,-4.212,1,0.0766,0.00021,0,0.148,0.506,160.057,205159,4,after
Violent,carolesdaughter,0.797,0.755,2,-5.393,1,0.0293,0.331,2.26e-06,0.124,0.411,129.955,135878,4,after
Lo Vas A Olvidar (with ROSALÍA),Billie Eilish,0.351,0.248,4,-14.653,0,0.0798,0.718,0.00246,0.0675,0.032,111.117,203464,5,after
Take Me To Church,Hozier,0.566,0.664,4,-5.303,0,0.0464,0.634,0,0.116,0.437,128.945,241688,4,after
Lo Vas A Olvidar (with ROSALÍA),Billie Eilish,0.343,0.243,4,-14.66,0,0.0777,0.721,0.00198,0.0668,0.032,135.154,203464,4,after
Skin,Sabrina Carpenter,0.557,0.457,7,-5.372,1,0.0335,0.428,0,0.0567,0.328,105.918,177500,4,after
Lifestyle (feat. Adam Levine),"Jason Derulo, Maroon 5",0.749,0.674,10,-5.128,0,0.0366,0.0209,0,0.169,0.711,123.055,153865,4,after
Antes,"Anuel AA, Ozuna",0.817,0.737,6,-5.453,0,0.102,0.046,1.57e-05,0.092,0.67,93.985,206587,4,after
Opp Stoppa (feat. 21 Savage),YBN Nahmir,0.829,0.343,2,-4.937,0,0.102,0.00734,0,0.179,0.312,78.035,135431,4,after
Buck 50,"DJ Scheme, Juice WRLD",0.656,0.537,1,-6.687,1,0.0706,0.0309,0,0.104,0.15,144.04,216667,4,after
Throat Baby (Go Baby) (with DaBaby & City Girls) - Remix,BRS Kash,0.871,0.49,4,-8.087,0,0.287,0.0111,0,0.167,0.392,131.996,211610,4,after
Los Dioses,"Anuel AA, Ozuna",0.762,0.61,7,-6.378,1,0.228,0.076,0.000132,0.0744,0.277,146.989,278280,4,after
New Love (feat. Ellie Goulding),"Silk City, Diplo, Mark Ronson",0.786,0.732,7,-6.664,1,0.0421,0.0547,2.47e-06,0.342,0.631,123.982,190680,4,after
F.N,Lil Tjay,0.567,0.515,6,-10.265,0,0.247,0.354,0,0.078,0.321,120.1,224000,1,after
Redbone,Childish Gambino,0.743,0.347,1,-11.174,1,0.121,0.167,0.00951,0.103,0.572,160.143,326933,4,after
Mr. Rager,Kid Cudi,0.675,0.734,7,-8.659,1,0.0265,0.38,0.895,0.141,0.533,101.998,294213,4,after
The Hills,The Weeknd,0.585,0.564,0,-7.063,0,0.0515,0.0671,0,0.135,0.137,113.003,242253,4,after
Purpose,HSM,0.135,0.0726,3,-29.429,1,0.0369,0.867,0.88,0.109,0.0319,69.303,190006,4,after
"Gravity (feat. Tyler, The Creator)","Brent Faiyaz, DJ Dahi",0.539,0.615,1,-8.746,0,0.252,0.173,0.0056,0.144,0.493,163.924,214693,4,after
Finesse Out The Gang Way (feat. Lil Baby),Lil Durk,0.738,0.885,1,-4.159,0,0.126,0.213,0,0.098,0.49,100.508,186283,3,after
You (with Marshmello & Vance Joy),benny blanco,0.668,0.563,11,-6.433,1,0.0522,0.0493,0,0.119,0.305,103.116,169632,4,after
Baila Conmigo (with Rauw Alejandro),Selena Gomez,0.824,0.545,5,-7.127,1,0.0699,0.0221,0.00375,0.097,0.683,149.912,186088,4,after
Bandaid On A Bullet Hole - Bonus,Morgan Wallen,0.543,0.48,2,-6.745,1,0.0301,0.794,0,0.119,0.391,154.78,234333,3,after
This Side Of A Dust Cloud - Bonus,Morgan Wallen,0.645,0.734,4,-5.892,1,0.0266,0.139,0.000833,0.159,0.797,133.989,199947,4,after
Holy Water,Lil Mosey,0.737,0.643,6,-6.429,0,0.037,0.364,0,0.0738,0.433,96.016,132500,4,after
Higher (feat. iann dior),Clean Bandit,0.716,0.736,1,-5.18,0,0.0363,0.336,1.4e-05,0.137,0.542,104.018,203953,4,after
agoraphobic,CORPSE,0.815,0.697,7,-9.57,1,0.219,0.778,0.000398,0.102,0.147,97.987,129796,4,after
Onna Come Up (feat. G Herbo) [Remix],Lil Eazzyy,0.679,0.794,1,-3.985,1,0.296,0.339,1.65e-05,0.113,0.698,150.067,175729,4,after
Bandido,"Myke Towers, Juhn",0.713,0.617,8,-4.637,1,0.0887,0.122,0,0.0962,0.682,168.021,232853,4,after
